1,12,3,265,
1,13,4,323,
1,14,5,329,
2,12,2,99,
2,13,6,511,
2,14,10,786,
3,12,2,204,
3,13,3,261,
3,14,4,290,
4,12,2,137,
4,13,2,137,
5,12,5,442,159-167
5,13,6,508,159-167
5,14,7,609,160-167
6,12,4,330,
6,13,5,368,
6,14,6,454,
7,12,4,250,
7,13,4,255,
7,14,5,333,
8,12,3,211,
8,13,6,417,
8,14,9,536,
9,12,2,172,
9,13,4,342,
9,14,9,728,
10,12,2,98,
10,13,3,122,
11,12,2,191,
11,13,7,548,
11,14,10,837,
12,12,5,280,
12,13,6,376,
12,14,8,562,
13,12,3,185,
13,13,3,201,
13,14,9,556,
13,15,11,1058,
14,12,4,398,
14,13,7,530,
14,14,8,581,
15,12,4,360,
15,13,6,514,
15,14,7,584,
16,12,4,374,
16,13,5,542,
16,14,6,573,
17,12,4,390,
17,13,5,483,
17,14,6,537,
18,12,3,272,
18,13,3,326,
18,14,4,348,
19,12,3,442,
19,13,5,569,
19,14,8,617,
20,12,3,291,
20,13,6,434,
21,12,3,254,
21,13,4,313,
21,14,4,324,
22,12,4,310,
22,13,8,632,
23,12,4,389,
23,13,4,428,
23,14,4,453,
24,12,5,437,
24,13,8,555,
24,14,9,786,
25,12,5,395,
25,13,7,624,
25,14,11,880,
26,12,4,434,
26,13,6,611,
26,14,7,645,
27,12,3,273,
27,13,8,498,
27,14,8,508,
28,12,5,387,
28,13,8,588,
28,14,11,889,
29,12,4,424,
29,13,5,525,
29,14,7,643,
30,12,4,414,
30,13,6,663,
30,14,8,848,
31,12,4,372,
31,13,6,610,
31,14,7,629,
32,12,2,141,
32,13,3,198,
33,11,2,183,
33,12,7,618,
33,13,10,900,
34,12,5,353,
34,13,8,528,
34,14,10,726,
35,12,6,682,
35,13,8,935,
35,14,10,1218,
35,15,11,1412,
36,12,5,538,
36,13,9,801,
36,14,10,1014,
37,12,5,474,
37,13,7,751,
37,14,9,914,
38,12,4,293,
38,13,4,478,
38,14,7,721,
39,12,7,339,
39,13,9,481,
39,14,11,700,
40,12,4,264,
40,13,5,479,
40,14,9,811,
40,15,11,1102,
41,12,6,651,
41,13,9,968,
41,14,10,1158,
42,12,5,416,170
42,13,7,703,85-170
42,14,8,743,85-170
43,12,5,565,
43,13,8,733,
43,14,9,875,
44,12,2,122,
44,13,5,222,
45,12,3,270,
45,13,4,468,
45,14,6,641,
46,12,4,420,
46,13,6,609,
46,14,7,665,
47,12,6,388,
47,13,7,456,
47,14,8,512,
48,12,5,515,
48,13,6,745,
48,14,10,1157,
49,12,4,279,
49,13,4,379,
49,14,7,732,
50,12,3,271,
50,13,8,555,
50,14,9,706,
51,12,4,428,
51,13,5,510,
51,14,10,889,
52,11,2,224,
52,12,5,456,
52,13,8,719,
52,14,9,800,
53,12,3,280,
53,13,6,496,
53,14,10,692,
54,12,5,480,
54,13,7,630,
54,14,8,670,
55,12,5,639,
55,13,7,817,
55,14,8,945,
56,12,5,484,
56,13,6,739,
56,14,7,798,
57,12,4,385,
57,13,5,501,
57,14,6,561,
58,12,5,474,
58,13,6,687,
58,14,8,892,
59,12,5,621,
59,13,8,961,
59,14,10,1091,
60,12,5,602,
60,13,6,768,
60,14,7,660,
61,12,5,580,
61,13,8,866,
61,14,9,920,
62,12,6,551,
62,13,9,788,
62,14,10,881,
63,12,4,452,
63,13,5,548,
63,14,8,862,
63,15,10,931,
64,12,4,463,
64,13,7,625,
65,12,5,409,
65,13,7,659,
65,14,8,674,
66,12,5,517,
66,13,7,705,
66,14,9,971,
67,12,4,464,
67,13,6,619,
68,12,6,549,
68,13,8,982,
68,14,10,1204,
69,12,4,374,
69,13,6,644,
69,14,7,682,
70,12,5,485,
70,13,7,667,
70,14,8,799,
71,11,2,173,
71,12,5,646,
71,13,10,1272,
71,14,12,1519,
72,12,5,560,
72,13,6,733,
72,14,8,910,
73,12,4,297,
73,13,5,387,
73,14,7,537,
74,12,5,429,
74,13,7,770,
74,14,8,846,
75,12,5,511,
75,13,7,744,
75,14,10,932,
76,12,6,751,
76,13,9,1011,
76,14,12,1258,
77,12,5,656,
77,13,8,945,
77,14,10,1066,
78,12,4,452,
78,13,7,688,
78,14,8,863,
79,12,5,473,
79,13,6,571,
79,14,7,664,
80,12,6,669,
80,13,9,897,
80,14,9,909,
81,12,8,752,
81,13,9,942,
81,14,11,1188,
82,12,5,489,
82,13,9,789,
82,14,11,1105,
83,12,5,524,
83,13,9,839,
83,14,11,973,
84,12,5,417,
84,13,8,692,
84,14,10,936,
85,12,6,457,
85,13,8,614,
85,14,9,766,
86,12,6,471,
86,13,8,688,
86,14,10,1003,
87,12,6,667,
87,13,9,949,
88,12,7,760,
88,13,10,1229,
88,14,11,1282,
89,12,6,660,
89,13,9,904,
89,14,10,1149,
90,12,5,438,
90,13,6,667,
90,14,7,703,
91,12,5,563,
91,13,7,796,
92,12,6,666,
92,13,10,1111,
92,14,12,1260,
93,12,6,713,
93,13,8,882,
93,14,9,934,
94,12,5,522,
94,13,7,716,
94,14,9,964,
95,12,4,361,
95,13,5,494,
95,14,7,755,
96,12,5,470,
96,13,6,623,
96,14,9,880,
97,12,5,494,
97,13,6,671,
97,14,8,823,
98,12,5,546,
98,13,6,700,
98,14,8,925,
99,12,4,357,
99,13,8,631,
99,14,8,684,
100,12,3,262,
100,13,5,411,
100,14,6,463,
101,12,6,620,
101,13,7,872,
101,14,8,940,
102,12,5,513,
102,13,8,682,
102,14,9,819,
103,12,4,431,
103,13,6,537,
103,14,7,624,
104,12,5,571,
104,13,7,857,
104,14,9,1058,
105,12,4,328,
105,13,9,772,
105,14,11,1167,
106,12,8,874,
106,13,10,1250,
106,14,11,1302,
107,12,6,685,
107,13,9,1000,
107,14,9,1085,
108,12,6,778,
108,13,9,982,
108,14,10,1083,
109,12,5,556,
109,13,9,874,
109,14,10,1132,
110,12,6,392,
110,13,10,1004,
110,14,10,1183,
111,12,6,659,
111,13,9,831,
111,14,9,960,
112,12,3,295,
112,13,5,402,
112,14,7,721,
113,12,4,446,
113,13,8,658,
113,14,9,815,
114,12,5,527,
114,13,8,721,
114,14,9,881,
115,12,4,458,
115,13,5,643,
115,14,8,934,
116,12,6,611,
116,13,7,796,
116,14,11,980,
117,12,5,471,
117,13,6,591,
117,14,8,714,
118,12,5,585,
118,13,9,1029,
118,14,10,1100,
119,12,5,403,
119,13,7,763,
119,14,9,961,
120,12,4,470,
120,13,9,1016,
120,14,11,1381,
121,12,4,481,
121,13,8,781,
121,14,11,940,
122,12,6,646,
122,13,8,976,
122,14,9,1115,
123,12,5,534,
123,13,9,1029,
123,14,10,1075,
124,12,4,399,
124,13,6,519,
124,14,8,903,
125,12,4,437,
125,13,6,542,
125,14,9,839,
126,12,5,578,
126,13,9,1056,
126,14,9,1157,
127,12,4,413,
127,13,7,690,
127,14,9,997,
128,12,5,567,
128,13,9,854,
128,14,11,1207,
129,12,4,415,
129,13,7,743,
129,14,9,849,
130,12,5,505,
130,13,7,715,
130,14,12,1251,
131,12,5,422,
131,13,9,859,
131,14,11,1081,
132,12,5,396,
132,13,7,677,
132,14,9,725,
133,12,6,734,
133,13,9,952,
133,14,10,1138,
134,12,6,609,
134,13,8,817,
134,14,9,959,
135,12,4,488,
135,13,8,789,
135,14,10,1077,
136,12,3,353,
136,13,5,526,
136,14,5,559,
137,12,5,570,
137,13,9,867,
137,14,11,1379,
138,12,7,541,
138,13,10,819,
138,14,12,1123,
139,12,5,468,
139,13,7,694,
139,14,8,803,
140,11,3,295,
140,12,7,766,
140,13,10,938,
140,14,10,1188,
141,12,6,532,
141,13,9,864,
141,14,9,935,
142,12,2,184,
142,13,5,341,
142,14,9,679,
143,12,5,468,
143,13,7,714,
143,14,8,908,
144,12,5,468,
144,13,6,621,
144,14,10,963,
145,12,4,363,
145,13,8,750,
145,14,9,889,
146,12,5,466,
146,13,8,751,
146,14,10,803,
147,12,7,691,
147,13,10,937,
148,12,6,671,
148,13,8,824,
148,14,10,1001,
149,12,4,359,
149,13,8,646,
149,14,9,763,
150,12,5,557,
150,13,8,843,
150,14,10,990,
151,12,4,397,
151,13,6,685,
151,14,7,727,
152,12,6,668,200
152,13,9,839,200
152,14,10,925,222
153,12,5,423,
153,13,6,644,
153,14,10,910,
154,12,3,357,
154,13,6,753,
154,14,8,910,
155,11,3,270,
155,12,5,433,
155,13,9,921,
155,14,10,1046,
156,12,6,706,
156,13,9,979,
156,14,10,1144,
157,12,5,445,
157,13,9,846,
157,14,10,1155,
158,12,4,375,
158,13,8,804,
158,14,9,983,
159,12,5,533,
159,13,10,1026,
159,14,12,1300,
160,12,7,695,
160,13,10,985,
160,14,12,1177,
161,12,6,591,
161,13,9,901,
161,14,11,1161,
162,12,5,478,
162,13,9,875,
162,14,10,1062,
163,12,4,333,
163,13,6,506,
163,14,10,898,
164,12,4,405,
164,13,6,508,
164,14,11,959,
165,12,6,503,
165,13,9,963,
165,14,10,1137,
166,12,4,429,
166,13,8,790,
166,14,9,1049,
167,12,5,534,
167,13,7,704,
167,14,10,1038,
168,12,4,351,
168,13,8,806,
168,14,9,947,
169,12,5,509,
169,13,8,784,
169,14,10,1032,
170,12,4,335,
170,13,7,704,
170,14,11,930,
171,12,4,329,
171,13,5,600,
171,14,7,755,
172,12,4,420,
172,13,6,603,
172,14,9,749,
173,12,5,546,
173,13,10,1016,
173,14,11,1383,
174,12,5,505,
174,13,7,839,
174,14,8,1021,
175,12,5,510,
175,13,6,727,
175,14,9,971,
176,12,6,598,
176,13,7,865,
176,14,10,1089,
177,12,6,602,
177,13,7,835,
177,14,10,1086,
178,12,4,440,
178,13,9,930,
178,14,9,1031,
179,12,5,510,
179,13,7,702,
179,14,9,1037,
180,11,2,236,
180,12,6,613,
180,13,8,850,
180,14,10,1205,
181,12,5,533,
181,13,9,1008,
181,14,11,1371,
182,12,2,245,
182,13,4,331,
182,14,5,386,
183,11,2,175,
183,12,5,478,
183,13,6,626,
183,14,7,810,
184,12,4,448,
184,13,8,829,
184,14,10,1131,
185,12,5,548,
185,13,8,836,
185,14,10,1010,
186,12,5,474,
186,13,9,888,
186,14,10,1013,
187,12,4,416,
187,13,6,585,
187,14,9,775,
188,12,5,466,
188,13,9,1049,
188,14,10,1311,
189,12,4,385,
189,13,8,643,
189,14,10,1074,
190,12,5,470,
190,13,9,975,
190,14,9,1088,
191,12,8,847,
191,13,12,1281,
191,14,12,1446,
192,12,6,622,
192,13,9,1016,
192,14,11,1215,
193,12,4,485,
193,13,9,903,
193,14,11,1167,
194,12,4,392,
194,13,10,807,
194,14,10,838,
195,12,8,855,
195,13,10,1376,
195,14,11,1607,
196,12,5,439,
196,13,9,832,
196,14,12,1452,
197,12,5,455,
197,13,8,852,
197,14,9,931,
198,12,7,799,
198,13,10,1156,
198,14,11,1377,
199,12,6,652,
199,13,9,841,
199,14,10,1094,
200,12,7,651,
200,13,8,855,
200,14,9,1146,
201,12,3,328,
201,13,8,768,
201,14,11,1134,
202,12,4,458,
202,13,7,901,
202,14,8,1023,
203,12,6,636,
203,13,10,979,
203,14,12,1287,
204,12,5,642,
204,13,10,1386,
204,14,12,1834,
205,11,3,305,
205,12,5,537,
205,13,8,888,
205,14,9,948,
206,12,5,517,
206,13,8,973,
206,14,11,1446,
207,12,5,553,
207,13,7,750,
207,14,10,866,
208,12,5,559,
208,13,9,894,
208,14,11,1114,
209,12,5,417,
209,13,7,675,
209,14,11,1000,
210,12,6,469,
210,13,7,663,
210,14,10,875,
211,12,5,462,
211,13,6,737,
211,14,11,1097,
212,12,5,529,
212,13,8,755,
212,14,9,948,
213,12,3,299,
213,13,5,431,
213,14,10,826,
214,12,5,566,
214,13,9,960,
214,14,10,1155,
215,12,2,230,
215,13,5,530,
215,14,7,644,
216,12,5,534,
216,13,11,916,
216,14,12,1231,
217,12,3,344,
217,13,6,562,
217,14,7,712,
218,12,6,587,
218,13,10,1103,
218,14,11,1222,
219,11,3,355,
219,12,9,771,
219,13,12,1116,
219,14,12,1301,
220,12,5,546,
220,13,7,786,
220,14,8,990,
221,12,6,573,
221,13,8,950,
221,14,11,1436,
222,12,6,691,
222,13,9,1029,
222,14,10,1241,
223,12,5,531,
223,13,8,797,
223,14,9,932,
224,11,1,89,
224,12,5,567,
224,13,9,975,
224,14,11,1184,
224,15,12,1566,
225,12,5,469,
225,13,10,745,
225,14,11,951,
226,12,5,553,
226,13,7,747,
226,14,11,1019,
227,12,5,569,
227,13,8,861,
227,14,9,1028,
228,12,5,541,
228,13,9,996,
228,14,10,1111,
229,12,5,545,
229,13,9,1061,
229,14,11,1310,
229,15,12,1910,
230,12,5,536,
230,13,8,874,
230,14,10,992,
231,12,5,480,
231,13,7,744,
231,14,9,1006,
232,12,5,489,
232,13,7,747,
232,14,11,1062,
233,12,5,422,
233,13,11,1111,
233,14,12,1414,
234,12,4,419,
234,13,8,725,
234,14,9,880,
235,12,3,247,
235,13,6,574,
235,14,9,937,
236,12,5,474,
236,13,10,871,
236,14,11,903,
237,12,5,466,
237,13,9,850,
237,14,10,1051,
238,12,5,409,
238,13,8,829,
238,14,10,1103,
239,12,7,714,
239,13,10,1100,
239,14,11,1280,
240,12,5,541,
240,13,9,946,
240,14,11,1243,
241,12,5,405,
241,13,8,678,
241,14,10,925,
242,12,6,527,
242,13,10,1066,
242,14,10,1206,
243,12,6,660,
243,13,9,969,
243,14,10,1363,
244,12,3,334,
244,13,5,526,
244,14,8,843,
245,12,5,421,
245,13,7,808,
245,14,9,1077,
246,12,4,440,
246,13,7,773,
246,14,10,1100,
247,12,5,599,
247,13,8,892,
247,14,10,1158,
248,12,6,507,
248,13,8,827,
248,14,10,1123,
249,11,3,332,
249,12,5,555,
249,13,7,782,
249,14,10,1052,
250,12,5,555,
250,13,8,883,
250,14,10,1096,
251,12,5,432,
251,13,6,545,
251,14,7,661,
252,12,5,561,
252,13,9,930,
252,14,11,1368,
253,12,5,654,
253,13,8,949,
253,14,9,1261,
254,12,5,558,212
254,13,10,1118,180-212
254,14,11,1420,180-212
254,15,12,1946,180-212
255,12,5,515,
255,13,8,895,
255,14,10,991,
256,12,5,434,
256,13,7,598,
256,14,9,957,
257,12,3,297,
257,13,5,486,
257,14,8,708,
258,12,4,479,
258,13,8,848,
258,14,9,1145,
259,12,4,405,
259,13,6,590,
259,14,11,1278,
260,12,5,492,
260,13,8,956,
260,14,10,1156,
260,15,11,1707,
261,12,7,697,
261,13,10,1060,
261,14,12,1527,
262,12,7,609,
262,13,10,869,
262,14,12,1073,
263,12,7,865,
263,13,10,1155,
263,14,12,1575,
264,12,7,875,
264,13,10,1059,
264,14,11,1275,
265,12,6,674,
265,13,8,858,
265,14,10,1073,
266,11,3,338,
266,12,5,548,
266,13,7,864,
266,14,10,1309,
267,12,5,495,
267,13,9,1000,
267,14,10,1178,
268,12,6,630,
268,13,7,778,
268,14,10,1033,
268,15,12,1684,
269,12,5,458,
269,13,7,710,
269,14,9,875,
270,12,4,401,
270,13,8,728,
270,14,10,1010,
271,12,4,413,
271,13,9,857,
271,14,10,1017,
272,12,3,336,
272,13,5,490,
272,14,9,837,
273,11,3,205,
273,12,5,571,
273,13,10,1135,
273,14,11,1520,
274,12,7,414,
274,13,8,763,
274,14,10,873,
275,12,3,285,
275,13,9,947,
275,14,10,1042,
276,12,4,369,
276,13,6,498,
276,14,11,1034,
277,12,5,455,
277,13,8,900,
277,14,10,1246,
278,12,5,564,
278,13,8,807,
278,14,11,972,
279,11,3,302,
279,12,5,555,
279,13,10,1111,
279,14,12,2000,
280,11,2,223,
280,12,5,548,
280,13,7,838,
280,14,10,1049,
281,11,1,121,
281,12,5,510,
281,13,9,921,
281,14,10,1214,
282,12,4,367,
282,13,6,554,
282,14,8,764,
283,12,5,574,
283,13,9,1012,
283,14,10,1094,
284,12,5,520,
284,13,8,938,
284,14,10,1151,
285,12,5,454,
285,13,8,726,
285,14,11,1019,
286,11,2,198,
286,12,5,460,
286,13,10,915,
286,14,12,1311,
287,12,9,648,
287,13,10,863,
287,14,11,1056,
287,15,12,1418,
288,12,5,513,
288,13,9,998,
288,14,11,1178,
289,12,3,292,
289,13,6,671,
289,14,9,909,
290,12,6,470,
290,13,9,791,
290,14,12,1073,
291,12,5,497,
291,13,8,933,
291,14,10,1056,
292,12,6,571,
292,13,10,884,
292,14,11,1199,
293,12,4,457,
293,13,8,902,
293,14,11,1127,
294,12,4,421,
294,13,7,806,
294,14,10,1060,
295,12,5,601,
295,13,7,828,
295,14,9,1008,
296,12,4,396,
296,13,8,714,
296,14,10,1116,
297,12,4,397,
297,13,6,673,
297,14,9,933,
298,12,6,524,
298,13,10,917,
298,14,11,1158,
299,12,5,436,
299,13,9,1067,
299,14,10,1118,
300,12,5,513,
300,13,7,848,
300,14,10,1077,
301,12,5,556,
301,13,8,784,
301,14,10,1191,
302,12,3,287,
302,13,8,777,
302,14,11,1234,
303,12,7,740,
303,13,10,1154,
303,14,11,1327,
304,12,4,473,
304,13,8,910,
304,14,10,1249,
305,12,6,646,
305,13,10,1020,
305,14,11,1258,
306,12,5,571,
306,13,9,974,
306,14,11,1237,
307,12,7,658,
307,13,10,997,
307,14,11,1457,
307,15,12,2000,
308,11,3,322,
308,12,5,559,
308,13,8,904,
308,14,10,1166,
309,12,5,532,
309,13,8,824,
309,14,9,990,
310,12,4,398,
310,13,6,580,
310,14,9,891,
311,12,5,493,
311,13,7,790,
311,14,10,1209,
312,12,6,581,
312,13,9,944,
312,14,12,1325,
313,12,5,472,
313,13,7,726,
313,14,9,1026,
314,12,6,638,
314,13,10,1064,
314,14,11,1500,
315,12,8,902,
315,13,11,1281,
315,14,12,2000,
316,12,5,488,
316,13,8,792,
316,14,9,934,
317,12,3,283,
317,13,8,777,
317,14,10,1231,
318,12,5,499,
318,13,6,687,
318,14,8,868,
319,12,5,501,
319,13,9,982,
319,14,10,1255,
320,12,6,679,
320,13,8,1001,
320,14,11,1245,
321,12,7,800,
321,13,10,1308,
321,14,12,1798,
322,11,3,214,
322,12,6,435,
322,13,8,663,
322,14,9,897,
323,12,6,677,
323,13,9,1017,
323,14,10,1127,
324,12,5,574,
324,13,8,883,
324,14,10,1097,
325,12,5,637,
325,13,9,980,
325,14,10,1200,
326,12,9,508,
326,13,11,876,
326,14,12,1313,
327,11,3,287,
327,12,7,616,
327,13,10,927,
327,14,12,1405,
328,12,4,386,
328,13,6,642,
328,14,8,867,
329,11,3,282,
329,12,7,608,
329,13,9,764,
329,14,11,1199,
330,12,6,423,
330,13,8,1012,
330,14,10,1328,
330,15,12,1744,
331,12,5,418,
331,13,7,711,
331,14,9,928,
332,11,2,204,
332,12,4,438,
332,13,6,788,
332,14,9,1106,
333,12,6,701,
333,13,10,1330,
333,14,11,1614,
334,12,6,647,
334,13,9,1039,
334,14,11,1368,
334,15,12,2000,
335,12,7,732,
335,13,11,1250,
335,14,12,1644,
336,12,3,293,
336,13,4,400,
336,14,5,538,
337,12,5,451,
337,13,9,836,
337,14,10,1086,
338,12,4,451,
338,13,8,735,
338,14,9,832,
339,12,4,414,
339,13,7,691,
339,14,8,915,
340,12,4,319,
340,13,9,699,
340,14,10,836,
341,12,7,701,
341,13,10,1002,
341,14,10,1162,
342,12,5,458,
342,13,8,741,
342,14,10,1073,
343,11,1,112,
343,12,5,500,
343,13,8,787,
343,14,11,1069,
344,12,9,788,
344,13,11,1179,
344,14,12,1517,
345,12,7,744,
345,13,9,1107,
345,14,11,1464,
346,11,1,118,
346,12,4,403,
346,13,9,1173,
346,14,10,1409,
346,15,12,1709,
347,12,6,618,
347,13,9,1084,
347,14,11,1480,
348,12,4,472,
348,13,7,658,
348,14,8,815,
349,12,5,414,
349,13,10,929,
349,14,11,1141,
349,15,12,1546,
350,12,8,591,
350,13,11,938,
350,14,12,1228,
350,15,12,1771,
351,12,4,377,
351,13,6,544,
351,14,9,837,
352,12,4,366,
352,13,6,597,
352,14,8,788,
353,11,2,216,
353,12,5,500,
353,13,8,766,
353,14,10,1144,
354,12,5,470,
354,13,7,728,
354,14,9,987,
355,12,6,666,
355,13,8,887,
355,14,10,1223,
356,12,4,367,
356,13,6,573,
356,14,8,719,
357,12,7,614,
357,13,9,933,
357,14,10,1099,
358,11,3,335,
358,12,7,785,
358,13,10,1255,
358,14,12,1725,
359,11,1,110,
359,12,6,596,
359,13,8,912,
359,14,9,1162,
360,12,5,452,
360,13,7,684,
360,14,11,1402,
361,12,6,631,
361,13,10,1089,
361,14,11,1443,
362,12,4,390,
362,13,7,694,
362,14,10,982,
363,12,5,479,
363,13,8,902,
363,14,10,1215,
363,15,11,1679,
364,12,5,640,
364,13,8,955,
364,14,9,1093,
365,11,2,174,
365,12,6,514,
365,13,8,812,
365,14,11,1149,
365,15,12,1702,
366,12,4,354,
366,13,6,512,
366,14,8,695,
367,11,2,172,
367,12,4,455,
367,13,7,704,
367,14,10,1115,
368,12,6,480,
368,13,9,815,
368,14,11,1096,
369,12,8,538,
369,13,10,816,
369,14,11,987,
370,12,6,523,
370,13,9,924,
370,14,10,1268,
371,12,5,507,
371,13,7,720,
371,14,10,997,
372,12,5,481,
372,13,10,988,
372,14,11,1225,
373,11,2,173,
373,12,4,411,
373,13,7,650,
373,14,10,949,
374,12,7,694,
374,13,10,1097,
374,14,12,1301,
374,15,12,2000,
375,12,7,697,
375,13,9,1079,
375,14,11,1279,
376,12,5,596,
376,13,7,800,
376,14,9,1022,
377,12,6,679,
377,13,9,1105,
377,14,10,1429,
378,12,4,363,
378,13,7,631,
378,14,10,945,
379,12,5,730,
379,13,8,1100,
379,14,10,1348,
380,12,6,573,
380,13,11,1353,
380,14,12,1831,
381,12,6,609,
381,13,10,1176,
381,14,11,1443,
382,12,5,541,
382,13,9,1011,
382,14,10,1342,
383,12,7,747,
383,13,10,1056,
383,14,12,1493,
384,12,7,558,
384,13,11,954,
384,14,12,1395,
385,12,3,305,
385,13,7,753,
385,14,8,875,
386,12,6,643,
386,13,9,939,
386,14,10,1183,
387,12,6,609,
387,13,9,1032,
387,14,12,1386,
388,12,6,680,
388,13,9,983,
388,14,11,1293,
389,12,5,548,
389,13,7,722,
389,14,9,963,
390,12,4,335,
390,13,5,565,
390,14,8,766,
391,12,5,416,
391,13,9,818,
391,14,10,1264,
392,11,2,257,
392,12,6,708,
392,13,10,1405,
392,14,11,1668,
393,12,5,552,
393,13,8,790,
393,14,11,1570,
394,12,6,560,
394,13,10,1121,
394,14,11,1269,
395,12,5,407,
395,13,9,790,
395,14,11,1069,
396,11,2,274,
396,12,6,556,
396,13,10,1150,
396,14,11,1528,
396,15,12,1778,
397,12,5,451,
397,13,7,592,
397,14,9,924,
398,12,6,640,
398,13,10,1064,
398,14,11,1458,
399,12,6,353,
399,13,9,842,
399,14,10,935,
400,12,6,625,
400,13,10,1216,
400,14,12,1496,
401,12,6,555,
401,13,10,1019,
401,14,11,1280,
401,15,12,1655,
402,12,4,386,
402,13,7,599,
402,14,8,762,
402,15,11,1300,
403,11,2,174,
403,12,4,424,
403,13,6,678,
403,14,9,923,
404,12,4,418,
404,13,6,662,
404,14,8,901,
405,12,5,575,
405,13,9,1097,
405,14,10,1345,
406,11,2,169,
406,12,6,510,
406,13,8,804,
406,14,10,1029,
407,12,6,642,
407,13,10,1144,
407,14,12,1449,
408,12,3,258,
408,13,4,464,
408,14,7,673,
409,11,3,280,
409,12,7,772,
409,13,10,1306,
409,14,12,1871,
410,12,5,559,
410,13,7,873,
410,14,9,1081,
411,12,6,533,
411,13,9,971,
411,14,11,1314,
412,12,6,655,
412,13,10,1166,
412,14,11,1504,
413,12,6,615,
413,13,9,1205,
413,14,11,1810,
413,15,12,2360,
414,12,4,535,
414,13,9,997,
414,14,10,1314,
415,12,5,564,
415,13,10,1142,
415,14,12,1990,
416,12,4,502,
416,13,7,764,
416,14,9,1077,
417,11,1,123,
417,12,6,564,
417,13,9,894,
417,14,11,1221,
418,11,3,338,
418,12,5,570,
418,13,10,1143,
418,14,12,1773,
419,12,5,553,
419,13,9,944,
419,14,10,1278,
420,12,4,467,
420,13,8,964,
420,14,10,1179,
421,12,5,482,
421,13,6,815,
421,14,8,1016,
422,11,3,276,
422,12,6,547,
422,13,10,899,
422,14,12,1166,
423,12,6,572,
423,13,9,1072,
423,14,11,1385,
424,12,4,308,
424,13,6,666,
424,14,7,851,
425,12,5,465,
425,13,7,714,
425,14,10,1086,
426,12,4,415,
426,13,8,683,
426,14,11,1272,
427,12,6,760,
427,13,10,1327,
427,14,11,1657,
427,15,12,1999,
428,11,3,261,
428,12,4,443,
428,13,7,627,
428,14,9,923,
428,15,10,1135,
429,12,4,437,
429,13,8,895,
429,14,10,1142,
430,12,5,433,
430,13,9,869,
430,14,11,1088,
430,15,11,1380,
431,12,4,504,
431,13,6,682,
431,14,9,864,
432,11,2,147,
432,12,4,414,
432,13,7,736,
432,14,9,951,
433,12,5,476,
433,13,9,910,
433,14,11,1161,
434,12,5,565,
434,13,8,888,
434,14,10,1269,
435,12,4,428,
435,13,8,872,
435,14,10,1135,
436,12,6,638,
436,13,9,1253,
436,14,11,1592,
436,15,12,2116,
437,11,2,199,
437,12,4,418,
437,13,8,830,
437,14,10,1089,
438,12,6,741,
438,13,9,1071,
438,14,10,1187,
439,12,5,412,
439,13,9,858,
439,14,10,1090,
439,15,12,1534,
440,11,2,186,
440,12,4,449,
440,13,9,1051,
440,14,10,1347,
441,11,3,400,
441,12,6,751,
441,13,10,1620,
441,14,11,1810,
442,12,5,569,
442,13,9,921,
442,14,12,1478,
443,12,6,629,
443,13,10,962,
443,14,11,1276,
444,12,5,482,
444,13,8,1078,
444,14,10,1251,
445,12,5,398,
445,13,7,737,
445,14,9,1033,
446,12,5,500,
446,13,7,827,
446,14,11,1398,
447,12,4,339,
447,13,7,700,
447,14,10,1035,
448,12,4,474,
448,13,7,826,
448,14,10,1098,
449,12,5,525,
449,13,10,1115,
449,14,11,1323,
450,12,6,643,
450,13,11,1442,
450,14,12,2119,
451,11,3,306,
451,12,6,601,
451,13,9,1014,
451,14,12,1682,
452,12,4,454,
452,13,7,765,
452,14,9,988,
453,11,2,198,
453,12,6,672,
453,13,9,1087,
453,14,10,1398,
453,15,11,1595,
454,11,3,276,
454,12,7,592,
454,13,9,952,
454,14,11,1189,
454,15,12,1523,
455,12,7,519,
455,13,11,1146,
455,14,12,1629,
456,12,7,667,
456,13,10,989,
456,14,12,1656,
457,11,1,141,
457,12,4,366,
457,13,7,638,
457,14,10,970,
458,12,5,507,
458,13,8,836,
458,14,9,1017,
459,12,4,321,
459,13,8,921,
459,14,10,1254,
460,12,4,331,
460,13,7,613,
460,14,10,998,
461,11,2,198,
461,12,7,643,
461,13,9,980,
461,14,11,1313,
462,12,6,523,
462,13,8,837,
462,14,10,1231,
463,12,8,770,
463,13,10,1004,
463,14,11,1313,
464,12,7,831,
464,13,9,1369,
464,14,11,1577,
465,12,4,403,
465,13,8,767,
465,14,10,1053,
466,12,5,477,
466,13,9,1004,
466,14,11,1446,
467,12,7,635,
467,13,10,1194,
467,14,12,1636,
468,12,4,435,
468,13,9,1115,
468,14,11,1337,
469,11,2,217,
469,12,6,462,
469,13,10,754,
469,14,11,1152,
470,12,6,563,
470,13,9,928,
470,14,11,1329,
471,12,7,787,
471,13,10,1340,
471,14,12,1686,
472,11,3,304,
472,12,6,628,
472,13,11,1121,
472,14,12,1440,
473,12,6,628,
473,13,10,1417,
473,14,12,1964,
474,12,7,906,
474,13,10,1210,
474,14,12,2000,
475,12,6,733,
475,13,10,1036,
475,14,11,1208,
476,12,5,559,
476,13,9,1072,
476,14,12,1765,
477,12,5,520,
477,13,8,862,
477,14,10,1170,
478,11,3,273,
478,12,4,381,
478,13,7,718,
478,14,9,975,
479,12,5,521,
479,13,9,867,
479,14,10,942,
480,12,5,443,
480,13,7,840,
480,14,10,1197,
481,12,5,415,
481,13,7,582,
481,14,10,988,
482,12,6,488,
482,13,9,807,
482,14,11,1128,
483,12,7,754,
483,13,10,1035,
483,14,12,1509,
484,12,6,641,
484,13,10,1045,
484,14,11,1357,
485,12,4,360,
485,13,7,703,
485,14,10,1112,
486,12,6,563,
486,13,9,960,
486,14,11,1309,
487,12,4,490,140
487,13,9,926,140
487,14,12,1646,162
488,12,5,614,
488,13,10,1184,
488,14,11,1389,
489,12,6,517,
489,13,10,1062,
489,14,12,1643,
490,12,4,447,
490,13,7,683,
490,14,9,1025,
491,12,6,472,
491,13,9,841,
491,14,11,1240,
492,11,3,217,
492,12,5,358,
492,13,9,801,
492,14,10,1002,
493,12,5,539,
493,13,10,1188,
493,14,12,1819,
493,15,12,1868,
494,12,5,410,
494,13,8,848,
494,14,10,1241,
495,12,5,435,
495,13,7,618,
495,14,9,895,
496,12,6,721,
496,13,8,995,
496,14,11,1327,
497,12,4,428,
497,13,8,925,
497,14,10,1232,
498,12,3,265,
498,13,6,600,
498,14,8,852,
499,12,5,458,
499,13,8,762,
499,14,9,1049,
500,11,2,190,
500,12,4,476,
500,13,6,709,
500,14,8,855,
501,12,6,646,
501,13,8,943,
501,14,9,1123,
502,12,4,422,
502,13,7,705,
502,14,8,940,
503,12,6,669,190-290
503,13,10,1214,220-310
503,14,12,1684,230-320
504,12,4,357,
504,13,8,868,
504,14,10,1073,
505,12,4,351,
505,13,7,701,
505,14,9,893,
506,12,6,459,
506,13,8,717,
506,14,11,1202,
507,11,3,267,
507,12,6,560,
507,13,10,1013,
507,14,12,1530,
508,12,4,393,
508,13,7,748,
508,14,10,1224,
509,12,5,489,
509,13,9,987,
509,14,11,1484,
510,12,5,533,
510,13,9,962,
510,14,11,1213,
511,12,5,427,
511,13,8,810,
511,14,10,1080,
512,12,5,560,
512,13,9,909,
512,14,11,1293,
513,12,5,598,
513,13,8,899,
513,14,10,1274,
514,12,5,543,
514,13,9,1039,
514,14,12,1598,
515,12,6,542,
515,13,9,917,
515,14,11,1182,
516,12,7,743,
516,13,10,1165,
516,14,12,1623,
517,12,6,598,
517,13,8,885,
517,14,10,1265,
518,12,5,455,
518,13,9,923,
518,14,11,1213,
519,12,6,562,
519,13,9,979,
519,14,10,1206,
520,12,6,688,
520,13,10,1291,
520,14,12,1883,
521,12,6,448,
521,13,8,763,
521,14,11,1122,
522,12,2,222,
522,13,5,551,
522,14,7,691,
523,12,4,448,
523,13,7,669,
523,14,10,959,
524,11,1,122,
524,12,3,201,
524,13,8,781,
524,14,10,1123,
525,12,5,377,
525,13,8,758,
525,14,10,1036,
525,15,11,1240,
526,12,3,315,
526,13,7,718,
526,14,9,1068,
527,12,5,268,
527,13,9,708,
527,14,11,1125,
528,12,6,571,
528,13,9,943,
528,14,11,1367,
529,12,4,331,
529,13,6,558,
529,14,9,866,
530,11,3,295,
530,12,5,500,
530,13,8,856,
530,14,10,1113,
531,12,4,398,
531,13,8,907,
531,14,11,1535,
532,12,6,510,
532,13,10,1042,
532,14,12,1418,
533,12,7,726,
533,13,11,1217,
533,14,12,1718,
534,12,6,589,
534,13,8,832,
534,14,10,1075,
535,12,7,658,
535,13,11,1345,
535,14,12,2065,
536,12,6,557,
536,13,9,921,
536,14,10,1206,
537,11,3,281,
537,12,8,708,
537,13,11,1239,
537,14,12,1677,
538,12,5,456,
538,13,9,836,
538,14,11,1128,
539,12,5,282,
539,13,9,952,
539,14,11,1438,
540,12,3,242,
540,13,9,815,
540,14,11,1190,
541,12,5,529,
541,13,8,675,
541,14,12,1225,
542,12,5,393,
542,13,10,1238,
542,14,12,1852,
543,12,4,317,
543,13,8,867,
543,14,10,1114,
544,12,4,358,
544,13,8,833,
544,14,12,1509,
545,12,4,325,
545,13,6,541,
545,14,8,678,
546,11,2,194,
546,12,4,322,
546,13,9,963,
546,14,11,1370,
547,12,5,470,
547,13,10,1067,
547,14,11,1488,
548,12,4,409,
548,13,8,873,
548,14,10,1123,
549,12,5,468,
549,13,8,780,
549,14,11,1377,
550,12,8,827,
550,13,10,1174,
550,14,11,1395,
551,12,5,272,
551,13,7,598,
551,14,10,1045,
552,12,6,599,
552,13,9,1029,
552,14,12,1506,
553,11,2,174,
553,12,3,249,
553,13,7,596,
553,14,9,803,
554,12,3,208,
554,13,8,672,
554,14,10,861,
555,12,5,505,
555,13,8,882,
555,14,10,1382,
556,11,2,167,
556,12,4,307,
556,13,9,1097,
556,14,11,1583,
557,12,3,230,
557,13,5,502,
557,14,7,754,
557,15,10,1095,
558,11,3,266,
558,12,5,450,
558,13,7,718,
558,14,9,980,
559,12,4,410,
559,13,9,1077,
559,14,12,1745,
560,11,3,296,
560,12,7,564,
560,13,10,1025,
560,14,12,1719,
561,12,2,164,
561,13,8,770,
561,14,10,1167,
562,12,5,504,
562,13,9,1067,
562,14,11,1420,
563,12,6,579,
563,13,9,998,
563,14,11,1345,
564,12,5,430,
564,13,9,996,
564,14,11,1456,
565,12,3,288,
565,13,7,640,
565,14,11,1349,
566,12,4,432,
566,13,8,660,
566,14,10,1012,
567,12,4,456,
567,13,7,849,
567,14,9,1245,
568,12,6,518,
568,13,10,1111,
568,14,12,1738,
569,12,2,185,
569,13,5,441,
569,14,8,735,
570,11,1,121,
570,12,4,328,
570,13,9,837,
570,14,11,1231,
571,12,5,412,
571,13,7,714,
571,14,9,931,
572,12,6,657,
572,13,9,974,
572,14,12,1745,
573,12,4,361,
573,13,7,704,
573,14,10,1157,
574,12,4,385,
574,13,6,521,
574,14,10,1271,
575,12,5,532,
575,13,10,1099,
575,14,12,1813,
576,11,2,180,
576,12,3,264,
576,13,7,682,
576,14,9,1025,
577,12,4,431,
577,13,10,1109,
577,14,12,1624,
578,11,1,140,
578,12,3,294,
578,13,7,706,
578,14,10,1137,
579,12,4,457,
579,13,8,754,
579,14,10,1142,
580,12,5,440,
580,13,10,1000,
580,14,12,1589,
581,11,2,159,
581,12,3,211,
581,13,8,709,
581,14,11,1187,
582,12,5,449,
582,13,8,831,
582,14,11,1372,
583,12,6,529,
583,13,9,786,
583,14,10,1044,
584,12,6,540,
584,13,9,1082,
584,14,10,1427,
585,12,5,518,
585,13,8,826,
585,14,10,1111,
586,12,2,209,
586,13,6,562,
586,14,9,1014,
587,12,4,394,
587,13,8,772,
587,14,10,1019,
588,12,4,333,
588,13,8,777,
588,14,10,1111,
589,12,4,415,
589,13,6,678,
589,14,9,1030,
590,12,4,324,
590,13,6,548,
590,14,9,842,
591,12,6,632,
591,13,10,1290,
591,14,12,1780,
592,12,5,454,
592,13,7,617,
592,14,10,1258,
593,12,5,482,
593,13,8,802,
593,14,11,1420,
594,12,7,729,
594,13,10,1216,
594,14,11,1490,
594,15,12,1845,
595,11,1,145,
595,12,4,357,
595,13,9,1075,
595,14,12,1745,
596,12,5,404,
596,13,9,941,
596,14,11,1353,
597,12,4,430,
597,13,7,740,
597,14,10,1081,
598,12,3,320,
598,13,7,679,
598,14,10,1198,
599,12,4,403,
599,13,6,622,
599,14,9,1088,
600,12,4,248,
600,13,8,656,
600,14,10,868,
601,12,5,449,
601,13,9,822,
601,14,11,1472,
602,12,4,321,
602,13,8,729,
602,14,10,1098,
603,12,5,551,
603,13,9,1048,
603,14,11,1464,
604,12,6,535,
604,13,10,1067,
604,14,12,1447,
605,11,2,151,
605,12,3,188,
605,13,8,691,
605,14,11,1238,
606,12,4,325,
606,13,7,612,
606,14,10,942,
607,12,6,603,
607,13,10,1042,
607,14,12,1701,
608,12,5,438,
608,13,9,940,
608,14,12,1545,
609,12,5,527,
609,13,9,975,
609,14,12,1911,
610,11,2,164,
610,12,4,318,
610,13,8,802,
610,14,11,1275,
610,15,12,1377,97-194
611,12,5,565,
611,13,9,979,
611,14,12,1733,
612,12,3,312,
612,13,7,628,
612,14,9,881,
613,12,5,496,
613,13,9,990,
613,14,12,1921,
614,12,6,634,
614,13,10,1215,
614,14,12,2000,
615,12,4,401,
615,13,8,778,
615,14,10,1152,
616,12,4,383,
616,13,7,726,
616,14,10,1145,
617,11,1,171,
617,12,3,259,
617,13,8,621,
617,14,10,978,
618,12,3,333,
618,13,7,691,
618,14,11,1434,
619,12,4,359,
619,13,9,904,
619,14,11,1363,
620,12,6,471,
620,13,10,1018,
620,14,12,1395,
621,11,2,212,
621,12,4,368,
621,13,8,773,
621,14,11,1438,
622,12,4,401,
622,13,7,711,
622,14,10,1192,
623,12,6,489,
623,13,10,1076,
623,14,12,1567,
624,12,7,686,
624,13,10,1125,
624,14,12,2072,
625,12,4,329,
625,13,7,592,
625,14,10,1066,
626,12,3,317,
626,13,6,606,
626,14,9,1010,
627,11,2,257,
627,12,5,455,
627,13,8,883,
627,14,12,1835,
628,11,1,123,
628,12,3,279,
628,13,9,858,
628,14,12,1835,
629,12,5,467,
629,13,9,898,
629,14,11,1301,
630,12,3,327,
630,13,6,690,
630,14,10,1319,
631,12,5,569,
631,13,8,913,
631,14,10,1171,
632,12,3,272,
632,13,7,661,
632,14,11,1121,
633,12,4,440,
633,13,7,761,
633,14,10,1328,
634,12,4,419,
634,13,8,875,
634,14,10,1261,
635,12,5,417,
635,13,7,689,
635,14,11,1391,
636,12,5,484,
636,13,10,1097,
636,14,12,1833,
637,12,2,203,
637,13,6,564,
637,14,8,805,
638,12,5,446,
638,13,9,1076,
638,14,11,1714,
639,12,5,295,
639,13,10,685,
639,14,12,1075,
640,12,3,332,
640,13,10,1134,
640,14,12,1685,
641,11,1,133,
641,12,7,767,
641,13,10,1248,
641,14,12,2130,
642,12,6,585,
642,13,9,972,
642,14,11,1712,
643,11,2,182,
643,12,6,575,
643,13,9,915,
643,14,11,1460,
644,12,4,393,
644,13,8,818,
644,14,10,1144,
645,12,5,527,
645,13,10,1149,
645,14,12,1676,
646,12,5,465,
646,13,8,869,
646,14,10,1380,
647,12,5,567,
647,13,10,1039,
647,14,12,1392,
648,12,4,280,
648,13,7,695,
648,14,9,1066,
648,15,10,1350,
649,12,3,304,
649,13,6,602,
649,14,9,950,
650,12,4,406,
650,13,7,669,
650,14,10,1105,
651,12,5,511,
651,13,9,942,
651,14,11,1398,
652,12,4,386,
652,13,7,745,
652,14,9,1072,
653,11,1,134,
653,12,6,595,
653,13,10,1300,
653,14,12,1918,
654,12,6,760,
654,13,9,1203,
654,14,12,1905,
655,12,5,532,
655,13,9,1039,
655,14,11,1579,
656,12,5,495,
656,13,8,896,
656,14,12,1635,
657,12,3,295,
657,13,7,720,
657,14,9,1069,
657,15,10,1409,
658,12,4,269,
658,13,5,488,
658,14,8,658,
659,12,4,333,
659,13,8,815,
659,14,10,1127,
660,11,1,99,95
660,12,6,504,95
660,13,10,1099,199
660,14,12,1999,199
661,11,1,136,
661,12,5,503,
661,13,9,1001,
661,14,11,1539,
662,12,6,531,
662,13,9,929,
662,14,10,1250,
663,12,6,600,
663,13,10,1147,
663,14,12,1690,
664,12,4,360,
664,13,8,854,
664,14,10,1279,
665,12,4,370,
665,13,7,663,
665,14,10,1068,
666,12,4,355,
666,13,8,732,
666,14,10,1164,
667,12,6,603,
667,13,10,1104,
667,14,12,1675,
668,12,4,370,
668,13,7,744,
668,14,10,1090,
669,11,1,122,
669,12,5,481,
669,13,8,810,
669,14,10,1145,
670,12,5,491,
670,13,10,1029,
670,14,11,1541,
671,12,5,463,
671,13,8,808,
671,14,11,1373,
672,12,7,693,
672,13,10,1040,
672,14,11,1332,
673,12,6,632,
673,13,8,811,
673,14,9,976,
674,12,4,338,
674,13,7,656,
674,14,10,1359,
675,12,6,542,
675,13,9,904,
675,14,12,1625,
676,12,5,415,
676,13,10,867,
676,14,12,1416,
677,12,5,481,
677,13,10,1279,
677,14,12,1865,
678,12,4,466,
678,13,8,860,
678,14,11,1400,
679,12,5,490,
679,13,8,817,
679,14,11,1487,
680,12,5,491,
680,13,10,945,
680,14,12,1641,
681,12,4,467,
681,13,9,983,
681,14,10,1324,
682,12,5,546,
682,13,10,1161,
682,14,12,1665,
683,12,6,501,
683,13,10,1008,
683,14,12,1546,
684,12,3,302,
684,13,6,638,
684,14,9,878,
685,12,5,551,
685,13,10,1291,
685,14,12,1898,
686,12,7,674,
686,13,10,1126,
686,14,12,1647,
687,11,1,136,
687,12,6,623,
687,13,10,1076,
687,14,11,1507,
688,12,5,581,
688,13,9,1061,
688,14,11,1584,
689,12,5,474,
689,13,8,876,
689,14,11,1405,
690,12,5,524,
690,13,10,1055,
690,14,12,1968,
691,12,4,345,
691,13,9,1110,
691,14,12,1632,
692,12,5,459,
692,13,8,812,
692,14,10,1122,
693,12,4,331,
693,13,8,737,
693,14,11,1271,
694,12,6,751,
694,13,10,1359,
694,14,12,1988,
695,12,6,580,
695,13,10,1231,
695,14,12,1717,
696,12,7,600,
696,13,10,960,
696,14,12,1407,
697,12,6,586,
697,13,9,1057,
697,14,12,1932,
698,12,4,329,
698,13,8,661,
698,14,10,984,
699,12,4,332,
699,13,8,749,
699,14,10,1001,
700,12,5,453,
700,13,10,1038,
700,14,12,1487,
701,12,5,477,
701,13,7,755,
701,14,9,1000,
702,12,5,587,
702,13,9,1121,
702,14,11,1450,
702,15,12,1943,
703,12,6,621,
703,13,10,1269,
703,14,12,1860,
704,12,4,430,
704,13,9,988,
704,14,11,1512,
705,12,6,529,
705,13,10,1032,
705,14,12,1838,
706,12,5,445,
706,13,7,759,
706,14,10,1081,
707,12,5,427,
707,13,8,863,
707,14,11,1515,
707,15,12,1713,
708,11,1,104,
708,12,4,395,
708,13,7,758,
708,14,10,1060,
708,15,11,1280,
709,12,6,584,
709,13,10,1075,
709,14,12,1600,
710,11,1,100,
710,12,6,540,
710,13,10,972,
710,14,12,1449,
711,12,5,330,
711,13,8,787,
711,14,11,1631,
712,12,6,602,
712,13,10,1073,
712,14,12,1780,
712,15,12,2198,
713,12,5,514,
713,13,8,833,
713,14,11,1440,
714,12,7,769,
714,13,10,1159,
714,14,12,1727,
715,12,4,386,
715,13,10,1032,
715,14,11,1449,
716,12,5,528,
716,13,8,773,
716,14,10,1091,
717,12,2,173,
717,13,6,723,
717,14,9,1052,
718,12,4,416,
718,13,8,753,
718,14,11,1326,
719,12,5,578,
719,13,10,1075,
719,14,12,1739,
719,15,12,1983,
720,11,1,112,
720,12,6,565,
720,13,8,946,
720,14,11,1495,
721,12,5,450,
721,13,8,844,
721,14,11,1416,
722,12,6,675,
722,13,9,1077,
722,14,12,1828,
723,12,5,489,
723,13,9,927,
723,14,11,1265,
724,12,3,318,
724,13,7,660,
724,14,11,1461,
725,12,6,593,
725,13,9,1004,
725,14,11,1566,
726,12,3,355,
726,13,7,686,
726,14,9,1047,
727,12,4,413,
727,13,8,700,
727,14,11,1222,
728,12,5,527,
728,13,8,763,
728,14,11,1305,
729,12,7,689,
729,13,10,1129,
729,14,12,1830,
729,15,12,2225,
730,12,3,309,
730,13,6,590,
730,14,11,1199,
731,12,6,608,
731,13,9,1026,
731,14,11,1434,
732,12,5,521,
732,13,8,878,
732,14,10,1272,
733,12,6,516,
733,13,9,1012,
733,14,11,1492,
734,12,6,621,
734,13,10,1181,
734,14,12,1826,
735,12,4,378,
735,13,7,672,
735,14,11,1263,
736,12,4,407,
736,13,8,938,
736,14,12,1661,
737,12,4,374,
737,13,8,734,
737,14,10,1193,
738,12,5,569,
738,13,9,1009,
738,14,12,1624,
738,15,12,1851,
739,12,6,658,
739,13,11,1247,
739,14,12,2007,
740,12,7,679,
740,13,10,1194,
740,14,12,1693,
740,15,12,2026,
741,12,3,298,
741,13,7,723,
741,14,11,1281,
742,12,6,616,
742,13,10,1040,
742,14,12,1650,
743,12,4,418,
743,13,7,694,
743,14,11,1220,
744,12,3,301,
744,13,6,626,
744,14,10,1231,
745,12,6,598,
745,13,9,951,
745,14,11,1342,
746,12,3,348,
746,13,6,683,
746,14,9,991,
747,12,5,517,
747,13,9,942,
747,14,11,1481,
748,12,5,390,
748,13,8,674,
748,14,10,1325,
749,12,5,522,
749,13,8,826,
749,14,10,1155,
750,12,4,408,
750,13,7,721,
750,14,10,1039,
751,12,5,404,
751,13,8,954,
751,14,11,1336,
752,12,3,331,
752,13,8,727,
752,14,11,1242,
753,12,5,583,
753,13,9,1081,
753,14,12,1812,
754,12,8,653,
754,13,10,1003,
754,14,12,1461,
755,12,5,492,
755,13,9,951,
755,14,11,1406,
756,12,5,597,
756,13,7,883,
756,14,9,1118,
757,12,3,374,
757,13,7,731,
757,14,11,1360,
758,12,5,480,
758,13,8,701,
758,14,10,951,
759,12,6,537,
759,13,9,1080,
759,14,10,1295,
760,12,6,472,
760,13,9,840,
760,14,11,1232,
761,12,7,806,
761,13,10,1228,
761,14,12,2029,
761,15,12,2267,
762,12,5,432,
762,13,8,745,
762,14,11,1257,
763,12,7,836,
763,13,10,1284,
763,14,11,1636,
764,12,5,438,
764,13,9,1046,
764,14,11,1605,
765,12,4,330,
765,13,7,685,
765,14,11,1206,
766,12,6,647,
766,13,10,1081,
766,14,12,1805,
766,15,12,2401,
767,12,8,754,
767,13,11,1473,
767,14,12,1870,
768,12,4,365,
768,13,6,647,
768,14,11,1414,
769,11,1,109,
769,12,5,495,
769,13,8,804,
769,14,10,1254,
770,12,5,457,
770,13,8,753,
770,14,10,1066,
771,12,3,318,
771,13,9,846,
771,14,11,1417,
772,11,1,135,
772,12,5,512,
772,13,9,960,
772,14,11,1261,
773,12,7,585,
773,13,10,1084,
773,14,12,1629,
774,11,1,107,
774,12,4,318,
774,13,7,592,
774,14,10,1010,
775,12,6,541,
775,13,10,1012,
775,14,12,1834,
776,12,5,555,
776,13,7,711,
776,14,10,1096,
777,12,6,592,
777,13,10,1078,
777,14,12,1493,
777,15,12,1824,
778,12,6,629,
778,13,10,1271,
778,14,12,2002,
779,12,3,292,
779,13,7,790,
779,14,10,1352,
780,12,5,485,
780,13,8,890,
780,14,10,1215,
780,15,12,1731,
781,12,4,377,
781,13,8,721,
781,14,11,1044,
782,12,7,698,
782,13,10,1222,
782,14,12,2000,
783,12,6,611,
783,13,9,1028,
783,14,11,1479,
784,12,5,496,
784,13,8,917,
784,14,11,1226,
785,12,5,505,
785,13,8,826,
785,14,10,1335,
785,15,12,1809,
786,12,5,668,
786,13,10,1102,
786,14,11,1646,
787,12,5,493,
787,13,8,964,
787,14,11,1501,
788,12,5,596,
788,13,10,1091,
788,14,12,1606,
789,12,7,658,
789,13,10,1054,
789,14,12,1887,
790,12,4,396,
790,13,8,789,
790,14,10,1130,
791,12,3,347,
791,13,6,590,
791,14,9,900,
791,15,10,1134,
792,12,5,592,
792,13,9,1124,
792,14,11,1568,
792,15,12,2233,
793,11,3,281,
793,12,7,722,
793,13,11,1422,
793,14,12,2222,
794,12,5,443,
794,13,8,717,
794,14,11,1205,
795,12,5,432,
795,13,9,1037,
795,14,12,1601,
796,12,4,295,
796,13,7,627,
796,14,11,1159,
797,12,6,476,
797,13,9,892,
797,14,11,1166,
797,15,12,1651,
798,12,7,642,
798,13,10,1248,
798,14,12,2096,
799,12,6,498,
799,13,9,872,
799,14,11,1365,
800,12,6,557,170
800,13,9,890,170
800,14,12,1520,170
800,15,12,1887,113-170
801,12,6,528,
801,13,10,1106,
801,14,12,1657,
802,12,4,407,
802,13,8,788,
802,14,11,1096,
803,12,6,603,
803,13,10,1085,
803,14,12,1745,
804,12,7,698,
804,13,10,1166,
804,14,12,1649,
805,12,6,489,
805,13,9,931,
805,14,12,1691,
806,12,5,495,
806,13,10,966,
806,14,12,1533,
807,12,5,494,
807,13,8,911,
807,14,11,1458,
808,12,5,461,
808,13,9,871,
808,14,11,1198,
809,12,3,316,
809,13,8,817,
809,14,10,1172,
810,12,5,335,
810,13,10,885,
810,14,12,1163,
811,12,4,336,
811,13,7,601,
811,14,9,896,
812,12,6,594,
812,13,9,810,
812,14,12,1405,
813,12,5,569,
813,13,8,913,
813,14,9,1086,
814,12,4,363,
814,13,9,913,
814,14,11,1402,
815,12,5,509,
815,13,8,853,
815,14,11,1289,
816,12,4,403,
816,13,8,867,
816,14,12,1729,
817,12,5,469,
817,13,9,974,
817,14,12,1690,
818,12,6,599,
818,13,9,972,
818,14,11,1491,
819,12,6,609,
819,13,9,1082,
819,14,11,1286,
820,12,5,463,
820,13,7,644,
820,14,10,999,
821,12,5,524,
821,13,8,820,
821,14,11,1314,
822,12,6,517,
822,13,9,863,
822,14,12,1656,
823,12,6,642,
823,13,9,1054,
823,14,11,1503,
824,12,5,402,
824,13,9,822,
824,14,12,1574,
825,12,6,520,
825,13,8,710,
825,14,11,1190,
826,12,4,432,
826,13,7,731,
826,14,10,1031,
827,12,6,610,
827,13,9,952,
827,14,12,1677,
828,12,6,542,
828,13,9,998,
828,14,11,1389,
829,12,5,435,
829,13,8,871,
829,14,11,1475,
830,12,6,486,
830,13,10,1181,
830,14,12,1983,
831,12,6,640,
831,13,10,1080,
831,14,12,1513,
832,12,6,552,
832,13,9,900,
832,14,12,1501,
833,12,4,338,
833,13,7,689,
833,14,10,1020,
834,12,6,586,
834,13,10,1082,
834,14,12,1659,
835,12,5,579,
835,13,8,849,
835,14,10,1180,
836,12,5,414,
836,13,9,762,
836,14,12,1505,
837,12,6,653,
837,13,9,1096,
837,14,12,1752,
838,12,7,831,
838,13,10,1248,
838,14,12,1933,
839,12,5,527,
839,13,9,1030,
839,14,11,1518,
840,12,6,600,
840,13,10,1187,
840,14,12,1896,
841,12,5,477,
841,13,8,907,
841,14,11,1485,
842,11,1,102,
842,12,6,667,
842,13,10,1042,
842,14,12,1541,
843,11,3,354,
843,12,6,649,
843,13,10,1321,
843,14,12,1976,
844,12,5,531,
844,13,8,907,
844,14,11,1447,
845,12,5,432,
845,13,8,755,
845,14,11,1154,
846,11,2,190,
846,12,6,527,
846,13,9,814,
846,14,11,1280,
847,12,5,453,
847,13,7,756,
847,14,11,1285,
848,12,4,323,
848,13,7,651,
848,14,10,1143,
849,12,6,707,
849,13,9,1061,
849,14,11,1424,
850,12,6,504,
850,13,10,1186,
850,14,12,1771,
851,12,6,505,
851,13,10,1031,
851,14,12,1590,
852,12,6,519,
852,13,9,889,
852,14,11,1265,
853,12,7,669,
853,13,10,1296,
853,14,12,2000,
854,11,3,249,
854,12,6,544,
854,13,9,929,
854,14,12,1445,
855,12,6,571,
855,13,9,983,
855,14,11,1395,
856,11,1,126,
856,12,5,495,
856,13,8,882,
856,14,10,1111,
857,12,5,521,
857,13,7,823,
857,14,10,1132,
858,12,6,644,
858,13,10,1081,
858,14,12,1729,
859,12,6,602,
859,13,9,1008,
859,14,12,1608,
859,15,12,2183,
860,11,1,100,
860,12,5,419,
860,13,8,701,
860,14,11,1342,
861,12,6,531,
861,13,9,1028,
861,14,11,1350,
861,15,12,2110,
862,12,2,240,
862,13,6,639,
862,14,9,1018,
863,12,6,580,
863,13,10,1127,
863,14,12,1815,
864,12,5,489,
864,13,9,803,
864,14,10,1103,
865,12,3,377,
865,13,6,664,
865,14,9,1021,
865,15,11,1395,
866,12,5,360,
866,13,10,873,
866,14,12,1260,
867,12,4,348,
867,13,9,812,
867,14,11,1267,
868,12,6,579,
868,13,9,1058,
868,14,11,1419,
869,12,7,643,
869,13,10,999,
869,14,12,1443,
870,12,6,613,
870,13,8,893,
870,14,10,1150,
871,12,5,495,
871,13,8,785,
871,14,11,1299,
872,12,4,454,
872,13,10,1302,
872,14,11,1687,
873,12,7,664,
873,13,10,1087,
873,14,12,1728,
874,12,5,527,
874,13,8,803,
874,14,10,1223,
875,12,5,604,
875,13,9,887,
875,14,11,1328,
876,12,5,497,
876,13,9,887,
876,14,12,1590,
877,12,6,549,
877,13,9,1098,
877,14,11,1494,
878,12,4,447,
878,13,7,718,
878,14,9,1026,
878,15,10,1153,
879,12,6,709,
879,13,9,977,
879,14,11,1336,
880,12,6,548,
880,13,10,1152,
880,14,12,1793,
881,12,7,509,
881,13,10,917,
881,14,12,1585,
882,12,3,321,
882,13,8,777,
882,14,10,1171,
883,12,6,611,
883,13,9,892,
883,14,10,1150,
884,11,3,276,
884,12,7,611,
884,13,10,1246,
884,14,12,1953,
885,12,4,427,
885,13,8,836,
885,14,10,1124,
886,12,4,388,
886,13,7,646,
886,14,9,903,
887,12,5,573,
887,13,8,892,
887,14,10,1182,
888,12,5,528,
888,13,8,734,
888,14,10,1149,
889,12,5,520,
889,13,7,766,
889,14,10,1259,
890,12,4,252,
890,13,7,369,
890,14,11,866,
891,12,7,545,
891,13,10,1002,
891,14,12,1631,
892,12,7,588,
892,13,10,989,
892,14,12,1775,
893,12,6,456,
893,13,10,889,
893,14,12,1421,
894,12,5,446,
894,13,9,985,
894,14,11,1458,
895,12,3,351,
895,13,6,639,
895,14,9,950,
896,12,6,653,
896,13,10,1181,
896,14,12,1710,
897,12,4,360,
897,13,8,707,
897,14,10,1098,
898,12,7,713,
898,13,10,1082,
898,14,12,1546,
899,12,5,539,
899,13,7,722,
899,14,10,1268,
900,12,5,536,
900,13,9,935,
900,14,10,1308,
901,12,7,605,
901,13,10,988,
901,14,12,1500,
902,12,6,627,
902,13,9,989,
902,14,12,1520,
903,12,4,420,
903,13,6,631,
903,14,10,1148,
904,12,4,441,
904,13,8,759,
904,14,10,1100,
905,12,6,547,
905,13,9,831,
905,14,12,1783,
906,12,6,573,
906,13,8,821,
906,14,11,1419,
907,12,6,675,
907,13,9,933,
907,14,11,1523,
908,11,3,272,
908,12,7,701,
908,13,10,1105,
908,14,12,1521,
909,12,1,80,
909,13,3,178,
909,14,5,264,
910,12,6,622,
910,13,10,1208,
910,14,12,1857,
911,12,5,590,
911,13,8,859,
911,14,11,1500,
912,12,6,482,
912,13,9,860,
912,14,11,1323,
913,12,4,374,
913,13,7,661,
913,14,11,1163,
914,12,5,485,
914,13,8,848,
914,14,10,1193,
915,12,4,478,
915,13,8,812,
915,14,10,1290,
916,12,6,722,
916,13,9,1020,
916,14,11,1538,
917,12,5,482,
917,13,9,944,
917,14,11,1413,
918,12,6,648,
918,13,9,939,
918,14,11,1342,
918,15,12,1712,
919,12,6,557,
919,13,10,1052,
919,14,12,1490,
920,12,4,480,
920,13,8,821,
920,14,10,1199,
921,12,4,363,
921,13,7,658,
921,14,9,1014,
922,12,1,133,
922,13,6,662,
922,14,10,1030,
923,12,7,716,
923,13,10,1145,
923,14,12,2016,
924,12,5,568,
924,13,8,891,
924,14,11,1228,
925,12,2,216,
925,13,8,883,
925,14,10,1252,
926,12,7,642,
926,13,9,1038,
926,14,11,1333,
927,12,4,440,
927,13,10,919,
927,14,11,1357,
927,15,12,1701,
928,12,7,811,
928,13,10,1277,
928,14,12,1952,
929,12,5,514,
929,13,9,943,
929,14,11,1499,
929,15,12,1982,
930,12,4,424,
930,13,7,725,
930,14,10,1137,
931,12,6,607,
931,13,9,966,
931,14,11,1453,
932,12,4,418,
932,13,8,743,
932,14,10,1209,
933,12,5,568,
933,13,8,904,
933,14,10,1234,
934,12,6,677,
934,13,9,947,
934,14,11,1194,
935,12,7,777,
935,13,10,1202,
935,14,12,1717,
936,12,6,601,
936,13,10,1174,
936,14,12,1558,
937,11,2,212,
937,12,7,655,
937,13,10,1094,
937,14,12,1490,
938,12,7,675,
938,13,11,1093,
938,14,12,1804,
939,12,5,390,
939,13,8,761,
939,14,10,1095,
940,12,7,737,
940,13,10,1123,
940,14,12,1727,
941,12,4,353,
941,13,6,619,
941,14,10,1073,
942,12,5,490,
942,13,9,882,
942,14,11,1298,
943,12,6,615,
943,13,10,1077,
943,14,11,1589,
944,12,5,438,
944,13,9,976,
944,14,11,1443,
945,12,6,468,
945,13,9,919,
945,14,11,1508,
946,11,1,132,
946,12,5,577,
946,13,9,903,
946,14,11,1329,
947,12,6,702,
947,13,9,1077,
947,14,11,1312,
948,12,5,492,
948,13,8,825,
948,14,10,1014,
949,12,4,309,
949,13,8,739,
949,14,11,1364,
950,12,6,588,
950,13,9,991,
950,14,12,1753,
951,11,2,189,
951,12,5,458,
951,13,9,894,
951,14,11,1343,
951,15,12,1684,
952,12,6,601,
952,13,9,952,
952,14,10,1375,
953,12,5,580,
953,13,9,1096,
953,14,12,1814,
954,12,5,570,
954,13,9,1080,
954,14,11,1714,
955,12,5,606,
955,13,8,911,
955,14,11,1337,
956,12,6,662,
956,13,10,1097,
956,14,11,1432,
957,12,4,487,
957,13,9,925,
957,14,11,1413,
958,12,6,531,
958,13,9,837,
958,14,11,1138,
959,12,5,604,
959,13,8,955,
959,14,10,1226,
960,12,4,373,
960,13,7,671,
960,14,11,1375,
961,12,5,462,
961,13,9,785,
961,14,11,1210,
962,12,4,362,
962,13,8,669,
962,14,10,1169,
963,12,7,699,
963,13,9,1099,
963,14,11,1568,
964,12,6,617,
964,13,10,1129,
964,14,12,1561,
965,12,3,317,150
965,13,8,885,152
965,14,11,1480,155
966,12,5,504,
966,13,9,863,
966,14,11,1207,
967,12,6,655,
967,13,10,1163,
967,14,12,1903,
968,12,6,665,
968,13,10,1111,
968,14,12,1775,
969,12,6,527,
969,13,8,848,
969,14,11,1383,
970,12,3,326,
970,13,6,606,
970,14,8,826,
971,12,5,609,
971,13,9,1008,
971,14,12,1929,
972,12,7,521,
972,13,10,810,
972,14,12,1413,
973,12,7,684,
973,13,11,1397,
973,14,12,2081,
974,11,2,197,
974,12,5,500,
974,13,9,950,
974,14,12,1601,
975,12,4,400,
975,13,9,982,
975,14,11,1490,
976,12,5,422,
976,13,8,822,
976,14,11,1284,
977,12,6,601,
977,13,10,1074,
977,14,11,1331,
978,12,5,475,
978,13,8,752,
978,14,11,1261,
979,11,3,267,
979,12,7,752,
979,13,10,1147,
979,14,11,1677,
980,12,4,410,
980,13,6,601,
980,14,10,1011,
981,12,7,746,
981,13,11,1116,
981,14,12,2094,
982,12,6,638,
982,13,10,1006,
982,14,11,1372,
983,12,4,403,
983,13,8,726,
983,14,10,977,
984,12,5,471,
984,13,8,722,
984,14,11,1359,
985,12,3,349,
985,13,7,737,
985,14,10,1034,
986,12,6,670,
986,13,10,1135,
986,14,12,1643,
987,12,5,397,
987,13,8,788,
987,14,11,1428,
988,12,5,546,
988,13,9,909,
988,14,10,1265,
989,12,6,577,
989,13,10,1080,
989,14,12,1654,
990,12,6,588,
990,13,9,928,
990,14,12,1657,
991,12,5,538,
991,13,9,946,
991,14,12,1700,
992,12,5,468,
992,13,8,835,
992,14,10,1116,
993,12,5,440,
993,13,8,768,
993,14,11,1372,
994,11,3,274,
994,12,6,574,
994,13,9,930,
994,14,11,1299,
995,12,5,511,
995,13,9,865,
995,14,11,1232,
996,12,6,503,
996,13,9,809,
996,14,11,1153,
997,12,5,429,
997,13,8,771,
997,14,12,1455,
998,12,4,332,
998,13,7,667,
998,14,9,953,
999,12,5,389,
999,13,8,696,
999,14,10,1100,
1000,12,3,327,
1000,13,5,493,
1000,14,9,877,
1001,12,5,551,
1001,13,10,1128,
1001,14,11,1446,
1002,12,3,404,
1002,13,7,748,
1002,14,11,1264,
1003,12,4,396,
1003,13,6,573,
1003,14,10,1298,
1004,12,6,522,
1004,13,9,867,
1004,14,10,1228,
1005,11,3,222,
1005,12,6,603,
1005,13,10,1205,
1005,14,12,1943,
1006,12,6,563,
1006,13,10,1110,
1006,14,12,1751,
1007,12,5,466,
1007,13,8,759,
1007,14,12,1604,
1008,12,6,581,
1008,13,9,949,
1008,14,12,1580,
1009,12,6,523,
1009,13,9,953,
1009,14,12,1791,
1010,12,4,399,
1010,13,8,760,
1010,14,10,1154,
1011,12,3,285,
1011,13,7,623,
1011,14,10,959,
1012,12,5,486,
1012,13,8,764,
1012,14,10,1227,
1013,12,5,526,
1013,13,10,987,
1013,14,12,1343,
1014,12,3,311,
1014,13,7,720,
1014,14,10,966,
1015,12,6,656,
1015,13,10,1110,
1015,14,12,1624,
1016,12,5,460,
1016,13,8,704,
1016,14,10,1043,
1017,12,5,517,
1017,13,8,914,
1017,14,10,1257,
1018,12,6,506,
1018,13,9,910,
1018,14,11,1475,
1019,12,5,499,
1019,13,8,823,
1019,14,11,1345,
1020,12,4,389,
1020,13,9,943,
1020,14,11,1479,
1021,12,6,605,
1021,13,9,1007,
1021,14,12,1661,
1022,12,6,657,
1022,13,9,1194,
1022,14,12,1877,
1023,12,3,207,
1023,13,5,475,
1023,14,7,715,
1024,12,3,366,
1024,13,7,736,
1024,14,11,1280,
1025,12,6,598,
1025,13,10,1118,
1025,14,12,1901,
1026,12,5,366,
1026,13,9,723,
1026,14,12,1437,
1027,12,5,411,
1027,13,9,704,
1027,14,11,1336,
1028,12,5,438,
1028,13,9,912,
1028,14,12,1521,
1029,12,5,437,
1029,13,7,683,
1029,14,10,1083,
1030,12,4,252,
1030,13,6,550,
1030,14,9,873,
1031,12,4,427,
1031,13,8,716,
1031,14,10,1003,
1032,12,6,626,
1032,13,10,1082,
1032,14,12,1746,
1033,12,7,784,
1033,13,10,1137,
1033,14,12,1953,
1034,11,1,131,
1034,12,5,482,
1034,13,7,633,
1034,14,10,1146,
1034,15,11,1535,
1035,12,5,484,
1035,13,9,905,
1035,14,12,1592,
1036,12,5,515,
1036,13,9,867,
1036,14,11,1141,
1037,12,5,518,
1037,13,8,805,
1037,14,10,1247,
1038,12,7,763,
1038,13,10,1136,
1038,14,11,1356,
1039,12,5,524,
1039,13,8,866,
1039,14,10,1327,
1040,12,6,511,
1040,13,9,840,
1040,14,10,1302,
1041,12,6,469,
1041,13,9,823,
1041,14,12,1676,
1042,12,7,646,
1042,13,10,1253,
1042,14,12,1820,
1043,12,5,403,
1043,13,9,844,
1043,14,11,1241,
1044,12,6,597,
1044,13,8,895,
1044,14,10,1261,
1045,12,4,416,
1045,13,7,703,
1045,14,10,1161,
1046,12,2,218,
1046,13,5,519,
1046,14,9,1049,
1047,12,4,404,
1047,13,8,728,
1047,14,11,1193,
1048,12,5,522,
1048,13,8,925,
1048,14,10,1339,
1049,12,7,680,
1049,13,10,1288,
1049,14,12,1835,
1050,12,6,535,
1050,13,10,1043,
1050,14,12,1591,
1051,12,5,468,
1051,13,9,961,
1051,14,12,1602,
1052,12,6,561,
1052,13,9,892,
1052,14,11,1329,
1053,12,6,438,
1053,13,9,717,
1053,14,11,1156,
1054,12,6,595,
1054,13,9,968,
1054,14,11,1361,
1055,12,4,394,
1055,13,9,1006,
1055,14,11,1592,
1056,12,6,538,
1056,13,9,803,
1056,14,11,1395,
1057,12,4,413,
1057,13,8,810,
1057,14,10,1127,
1058,12,6,538,
1058,13,9,1042,
1058,14,12,1826,
1059,12,6,673,
1059,13,9,980,
1059,14,10,1274,
1060,12,6,560,
1060,13,9,988,
1060,14,11,1453,
1061,12,5,419,
1061,13,8,739,
1061,14,10,1081,
1062,12,7,668,
1062,13,9,977,
1062,14,11,1344,
1063,12,4,389,
1063,13,7,722,
1063,14,9,1049,
1064,12,6,606,
1064,13,10,1066,
1064,14,12,1721,
1065,12,7,710,
1065,13,10,1272,
1065,14,12,2075,
1066,12,7,696,
1066,13,10,1101,
1066,14,12,1648,
1067,12,5,493,
1067,13,8,728,
1067,14,11,1321,
1068,12,7,704,
1068,13,11,1258,
1068,14,12,1833,
1069,12,5,494,
1069,13,9,907,
1069,14,12,1679,
1070,12,5,523,
1070,13,9,994,
1070,14,11,1426,
1071,12,4,341,
1071,13,8,788,
1071,14,10,1324,
1072,12,5,432,
1072,13,9,915,
1072,14,11,1361,
1073,12,5,435,
1073,13,9,833,
1073,14,11,1265,
1074,12,5,511,
1074,13,8,880,
1074,14,11,1481,
1075,12,4,404,
1075,13,9,983,
1075,14,10,1293,
1076,12,5,467,110
1076,13,8,767,110
1076,14,11,1151,110-220
1077,12,3,296,
1077,13,7,645,
1077,14,9,966,
1078,12,5,438,
1078,13,8,732,
1078,14,10,1118,
1079,12,4,325,
1079,13,7,538,
1079,14,10,959,
1080,12,6,565,
1080,13,10,1044,
1080,14,11,1539,
1081,12,5,540,
1081,13,9,970,
1081,14,11,1381,
1082,12,3,323,
1082,13,7,670,
1082,14,9,1057,
1083,12,6,667,
1083,13,10,1164,
1083,14,12,1803,
1084,12,7,762,
1084,13,10,1277,
1084,14,12,2018,
1085,12,4,373,
1085,13,7,658,
1085,14,10,1146,
1086,12,6,642,
1086,13,10,999,
1086,14,12,1775,
1087,12,4,388,
1087,13,7,729,
1087,14,10,1202,
1088,12,5,419,
1088,13,7,683,
1088,14,10,1075,
1089,12,5,413,
1089,13,9,752,
1089,14,11,1256,
1090,12,4,323,
1090,13,6,596,
1090,14,9,979,
1091,12,5,483,
1091,13,9,968,
1091,14,11,1596,
1092,12,4,469,
1092,13,8,892,
1092,14,11,1408,
1093,12,7,713,
1093,13,10,1055,
1093,14,12,1875,
1094,12,5,495,
1094,13,8,793,
1094,14,11,1182,
1095,12,5,556,
1095,13,8,811,
1095,14,11,1438,
1096,12,6,581,
1096,13,8,854,
1096,14,10,1071,
1097,12,4,459,
1097,13,8,797,
1097,14,10,1138,
1098,12,7,614,
1098,13,10,1080,
1098,14,12,1498,
1099,12,6,690,
1099,13,9,1007,
1099,14,12,1539,
1100,12,6,653,
1100,13,10,1257,
1100,14,12,1831,
1101,12,7,719,
1101,13,10,1155,
1101,14,12,1606,
1102,12,5,471,
1102,13,8,844,
1102,14,11,1405,
1103,12,5,477,
1103,13,9,826,
1103,14,11,1180,
1104,12,5,439,
1104,13,8,596,
1104,14,10,881,
1105,12,4,255,
1105,13,6,456,
1105,14,9,788,
1106,12,5,546,
1106,13,9,1054,
1106,14,12,1822,
1107,12,4,452,
1107,13,8,808,
1107,14,10,1214,
1108,12,5,455,
1108,13,8,853,
1108,14,10,1359,
1109,12,5,379,
1109,13,8,736,
1109,14,10,1198,
1110,12,4,454,
1110,13,8,816,
1110,14,10,1150,
1111,12,6,540,
1111,13,9,912,
1111,14,10,1218,
1112,12,7,624,
1112,13,9,915,
1112,14,11,1349,
1113,12,5,517,
1113,13,8,781,
1113,14,11,1345,
1114,11,2,244,
1114,12,6,770,
1114,13,10,1236,
1114,14,11,1748,
1115,12,5,359,
1115,13,10,710,
1115,14,12,1148,
1116,12,4,406,
1116,13,7,774,
1116,14,10,941,
1117,11,2,220,
1117,12,6,626,
1117,13,10,1083,
1117,14,11,1587,
1118,12,5,558,
1118,13,9,764,
1118,14,11,1364,
1119,12,7,702,
1119,13,10,1172,
1119,14,12,1736,
1120,11,3,276,
1120,12,7,701,
1120,13,10,1238,
1120,14,12,1637,
1121,12,6,487,
1121,13,8,836,
1121,14,11,1276,
1122,12,4,411,
1122,13,8,795,
1122,14,10,1110,
1123,12,7,717,
1123,13,10,1211,
1123,14,12,1822,
1124,12,5,521,
1124,13,7,774,
1124,14,9,1047,
1125,12,5,422,
1125,13,9,923,
1125,14,11,1294,
1126,12,4,438,
1126,13,7,784,
1126,14,10,1233,
1127,12,5,492,
1127,13,8,744,
1127,14,10,1228,
1128,12,5,529,
1128,13,9,997,
1128,14,11,1416,
1129,12,5,430,
1129,13,8,822,
1129,14,10,1108,
1130,12,3,258,
1130,13,7,704,
1130,14,10,1149,
1131,11,1,127,
1131,12,4,422,
1131,13,8,824,
1131,14,10,1172,
1132,12,7,702,
1132,13,10,1285,
1132,14,12,2047,
1133,12,3,352,
1133,13,7,629,
1133,14,10,1172,
1134,12,6,528,
1134,13,9,914,
1134,14,12,1505,
1135,12,4,372,
1135,13,8,864,
1135,14,11,1358,
1136,12,5,594,
1136,13,9,1112,
1136,14,11,1623,
1137,12,4,417,
1137,13,8,846,
1137,14,10,1378,
1138,12,5,496,
1138,13,8,786,
1138,14,10,1157,
1139,12,5,545,
1139,13,9,851,
1139,14,11,1348,
1140,12,5,621,
1140,13,8,834,
1140,14,10,1311,
1141,12,6,480,
1141,13,9,888,
1141,14,11,1346,
1142,12,6,519,
1142,13,9,879,
1142,14,11,1480,
1143,12,5,518,
1143,13,8,823,
1143,14,10,1166,
1144,12,5,468,
1144,13,8,907,
1144,14,10,1233,
1145,12,5,428,
1145,13,8,812,
1145,14,10,1183,
1146,12,5,550,
1146,13,8,843,
1146,14,10,1290,
1147,12,6,683,
1147,13,10,1292,
1147,14,12,2000,
1148,12,7,575,
1148,13,9,933,
1148,14,12,1613,
1149,12,6,699,
1149,13,10,1186,
1149,14,12,1885,
1150,12,5,726,
1150,13,9,1120,
1150,14,11,1454,
1151,12,6,643,
1151,13,9,1068,
1151,14,10,1208,
1152,12,5,524,
1152,13,9,862,
1152,14,11,1469,
1153,12,5,433,
1153,13,8,816,
1153,14,10,1234,
1154,12,6,542,
1154,13,10,1018,
1154,14,12,1775,
1155,12,6,504,
1155,13,8,807,
1155,14,10,1133,
1156,12,5,567,
1156,13,9,964,
1156,14,12,1700,
1157,12,7,800,
1157,13,10,1231,
1157,14,12,1765,
1158,12,7,524,
1158,13,10,833,
1158,14,12,1177,
1159,12,5,491,
1159,13,9,842,
1159,14,11,1369,
1160,12,6,661,
1160,13,10,1241,
1160,14,12,1845,
1161,12,5,541,
1161,13,9,842,
1161,14,11,1323,
1162,12,5,545,
1162,13,8,808,
1162,14,10,1128,
1163,12,7,664,
1163,13,10,1009,
1163,14,12,2183,
1164,12,6,643,
1164,13,9,970,
1164,14,11,1400,
1165,12,4,390,
1165,13,7,855,
1165,14,9,1185,
1166,12,6,548,
1166,13,10,1160,
1166,14,12,2000,
1167,12,6,701,
1167,13,9,1044,
1167,14,12,1914,
1168,12,6,590,
1168,13,10,992,
1168,14,11,1291,
1169,11,2,203,
1169,12,5,537,
1169,13,9,871,
1169,14,10,1281,
1170,12,4,380,
1170,13,6,527,
1170,14,9,1045,
1171,12,7,557,
1171,13,9,818,
1171,14,11,1145,
1172,12,4,382,
1172,13,7,738,
1172,14,10,1109,
1173,12,7,711,
1173,13,10,1270,
1173,14,12,1945,
1174,12,5,444,
1174,13,9,898,
1174,14,12,1687,
1175,12,7,572,
1175,13,9,865,
1175,14,11,1258,
1176,12,5,573,
1176,13,7,718,
1176,14,10,1344,
1177,12,6,598,
1177,13,9,961,
1177,14,12,1646,
1178,12,6,647,
1178,13,10,1182,
1178,14,12,1857,
1179,12,5,494,
1179,13,8,808,
1179,14,10,1247,
1180,12,5,590,
1180,13,9,984,
1180,14,12,1822,
1181,12,6,754,
1181,13,10,1123,
1181,14,12,1588,
1182,12,6,601,
1182,13,9,1027,
1182,14,11,1441,
1183,12,5,457,
1183,13,9,847,
1183,14,11,1387,
1184,12,6,609,
1184,13,9,931,
1184,14,11,1540,
1185,12,6,597,
1185,13,10,1107,
1185,14,12,1541,
1186,12,3,293,
1186,13,5,492,
1186,14,8,779,
1187,12,7,642,
1187,13,10,1178,
1187,14,12,1702,
1188,12,4,451,
1188,13,8,844,
1188,14,10,1266,
1189,12,6,512,
1189,13,9,866,
1189,14,11,1200,
1190,12,6,572,
1190,13,9,916,
1190,14,12,1522,
1191,12,3,324,
1191,13,7,512,
1191,14,9,841,
1192,12,5,565,
1192,13,8,850,
1192,14,11,1503,
1193,12,3,218,
1193,13,7,572,
1193,14,10,990,
1194,12,7,770,
1194,13,10,1122,
1194,14,12,1862,
1195,12,4,478,
1195,13,8,840,
1195,14,10,1141,
1196,12,7,548,
1196,13,9,954,
1196,14,11,1436,
1197,12,6,667,
1197,13,9,1071,
1197,14,11,1560,
1198,12,6,533,
1198,13,10,1016,
1198,14,12,1646,
1199,12,3,298,
1199,13,7,605,
1199,14,10,1142,
1200,12,6,627,
1200,13,8,1026,
1200,14,10,1238,
1201,12,5,430,
1201,13,8,804,
1201,14,10,1395,
1202,12,5,455,
1202,13,9,855,
1202,14,11,1308,
1203,12,4,464,
1203,13,9,879,
1203,14,10,1175,
1204,12,4,467,
1204,13,7,847,
1204,14,10,1268,
1205,12,5,474,
1205,13,8,722,
1205,14,10,1202,
1206,12,3,301,
1206,13,8,726,
1206,14,10,1128,
1207,12,7,794,
1207,13,10,1234,
1207,14,12,1757,
1208,12,7,646,
1208,13,10,1054,
1208,14,12,1634,
1209,12,4,427,
1209,13,7,716,
1209,14,10,1117,
1210,12,4,390,
1210,13,8,725,
1210,14,10,1122,
1211,12,4,379,
1211,13,7,789,
1211,14,9,1153,
1212,12,6,586,
1212,13,10,1098,
1212,14,12,1670,
1213,12,4,483,
1213,13,7,741,
1213,14,9,1083,
1214,11,3,287,
1214,12,6,568,
1214,13,9,969,
1214,14,11,1467,
1215,12,5,570,
1215,13,10,1113,
1215,14,12,1675,
1216,12,5,580,
1216,13,9,1081,
1216,14,11,1648,
1217,12,4,362,
1217,13,8,771,
1217,14,11,1167,
1218,12,6,642,
1218,13,10,1152,
1218,14,12,1869,
1219,12,6,613,
1219,13,10,1135,
1219,14,12,1888,
1220,12,5,567,
1220,13,8,916,
1220,14,10,1473,
1221,12,4,516,
1221,13,8,872,
1221,14,11,1584,
1222,11,1,136,
1222,12,5,471,
1222,13,8,709,
1222,14,10,1263,
1223,12,5,542,
1223,13,9,957,
1223,14,11,1393,
1224,12,8,861,
1224,13,11,1418,
1224,14,12,2220,
1225,12,6,601,
1225,13,9,915,
1225,14,11,1523,
1226,12,7,776,
1226,13,10,1304,
1226,14,12,1988,
1227,12,5,398,
1227,13,9,799,
1227,14,11,1204,
1228,12,6,602,
1228,13,9,935,
1228,14,11,1393,
1229,12,5,560,
1229,13,9,1009,
1229,14,11,1480,
1230,12,7,718,
1230,13,10,1191,
1230,14,12,2109,
1231,12,5,414,
1231,13,8,637,
1231,14,10,954,
1232,11,1,134,
1232,12,3,316,
1232,13,7,785,
1232,14,9,1166,
1233,12,3,302,
1233,13,6,555,
1233,14,9,1015,
1234,12,6,582,
1234,13,9,928,
1234,14,11,1447,
1235,12,3,293,
1235,13,6,518,
1235,14,8,718,
1236,12,5,414,
1236,13,8,800,
1236,14,11,1261,
1237,12,4,347,
1237,13,8,777,
1237,14,10,1281,
1238,12,6,513,
1238,13,9,869,
1238,14,11,1365,
1239,12,6,643,
1239,13,10,1171,
1239,14,12,1630,
1240,12,5,469,
1240,13,9,921,
1240,14,12,1314,
1241,12,4,399,
1241,13,7,605,
1241,14,10,1206,
1242,12,3,252,
1242,13,6,384,
1242,14,11,914,
1243,12,6,639,
1243,13,9,993,
1243,14,11,1391,
1244,12,5,664,
1244,13,10,1189,
1244,14,12,2110,
1245,12,6,576,
1245,13,10,1190,
1245,14,11,1614,
1246,12,5,593,
1246,13,9,908,
1246,14,11,1299,
1247,12,6,633,
1247,13,10,1243,
1247,14,12,1823,
1248,12,4,373,
1248,13,7,672,
1248,14,9,1008,
1249,12,6,540,
1249,13,8,844,
1249,14,10,1155,
1250,12,5,524,
1250,13,8,792,
1250,14,10,1341,
1251,12,5,452,
1251,13,8,870,
1251,14,10,1246,
1252,12,4,408,
1252,13,9,986,
1252,14,11,1566,
1253,12,5,502,
1253,13,8,777,
1253,14,10,1245,
1254,12,5,493,
1254,13,9,890,
1254,14,11,1288,
1255,12,4,393,
1255,13,7,731,
1255,14,9,1228,
1256,12,4,352,
1256,13,7,644,
1256,14,10,1027,
1257,12,6,713,
1257,13,9,1032,
1257,14,11,1419,
1258,12,3,272,
1258,13,6,514,
1258,14,9,978,
1259,11,2,166,
1259,12,4,415,
1259,13,7,687,
1259,14,10,1124,
1260,12,3,230,
1260,13,6,559,
1260,14,8,828,
1261,12,6,565,
1261,13,8,833,
1261,14,11,1392,
1262,12,5,472,
1262,13,8,855,
1262,14,10,1247,
1263,12,4,476,
1263,13,7,765,
1263,14,10,1322,
1264,12,3,335,
1264,13,7,775,
1264,14,9,1000,
1265,12,5,523,
1265,13,10,980,
1265,14,12,1701,
1266,12,5,436,
1266,13,8,709,
1266,14,10,1164,
1267,12,5,471,
1267,13,9,854,
1267,14,12,1639,
1268,12,6,541,
1268,13,9,885,
1268,14,11,1197,
1269,12,6,541,
1269,13,10,950,
1269,14,12,1586,
1270,12,6,598,
1270,13,9,1096,
1270,14,12,1707,
1271,12,4,396,
1271,13,7,767,
1271,14,9,1088,
1272,12,5,525,
1272,13,8,979,
1272,14,11,1501,
1273,12,5,496,
1273,13,9,854,
1273,14,11,1338,
1274,12,4,303,
1274,13,7,662,
1274,14,9,1012,
1275,12,5,517,
1275,13,8,760,
1275,14,10,1333,
1276,12,5,487,
1276,13,8,801,
1276,14,11,1233,
1277,12,4,340,
1277,13,7,716,
1277,14,10,1100,
1278,12,5,480,
1278,13,8,821,
1278,14,11,1471,
1279,12,6,638,
1279,13,9,886,
1279,14,11,1447,
1280,11,1,165,
1280,12,3,269,
1280,13,7,653,
1280,14,9,1075,
1281,12,6,587,
1281,13,10,1004,
1281,14,12,1564,
1282,12,6,493,
1282,13,9,952,
1282,14,11,1330,
1283,12,5,501,
1283,13,8,784,
1283,14,10,1146,
1284,12,5,554,
1284,13,8,898,
1284,14,11,1344,
1285,12,7,696,
1285,13,10,1189,
1285,14,12,1705,
1286,12,6,567,
1286,13,9,1111,
1286,14,12,1567,
1287,12,4,370,
1287,13,8,753,
1287,14,11,1085,
1288,12,4,406,
1288,13,8,716,
1288,14,10,1061,
1289,12,4,497,
1289,13,7,739,
1289,14,10,1176,
1290,12,4,391,
1290,13,7,701,
1290,14,9,1069,
1291,12,7,712,
1291,13,9,943,
1291,14,12,1636,
1292,12,6,516,
1292,13,9,833,
1292,14,12,1453,
1293,12,6,721,
1293,13,10,1283,
1293,14,12,2075,
1294,12,7,691,
1294,13,10,1183,
1294,14,12,1851,
1295,12,5,412,
1295,13,8,745,
1295,14,11,1342,
1296,12,6,475,
1296,13,9,1019,
1296,14,12,1724,
1297,12,7,753,
1297,13,10,1319,
1297,14,11,1676,
1298,11,2,235,
1298,12,6,524,
1298,13,9,881,
1298,14,11,1386,
1299,12,4,397,
1299,13,7,785,
1299,14,10,1119,
1300,12,6,548,
1300,13,8,914,
1300,14,11,1495,
1301,12,5,459,
1301,13,8,786,
1301,14,10,1262,
1302,11,3,207,
1302,12,5,396,
1302,13,9,856,
1302,14,11,1362,
1303,12,4,404,
1303,13,7,739,
1303,14,10,1205,
1304,12,6,583,
1304,13,9,955,
1304,14,11,1479,
1305,11,1,129,
1305,12,4,324,
1305,13,7,674,
1305,14,10,1011,
1306,12,7,710,
1306,13,10,1105,
1306,14,12,1849,
1307,12,5,431,
1307,13,9,843,
1307,14,12,1537,
1308,11,2,178,
1308,12,4,287,
1308,13,8,699,
1308,14,11,1117,
1309,12,5,531,
1309,13,8,913,
1309,14,11,1613,
1310,12,6,561,
1310,13,9,894,
1310,14,11,1392,
1311,12,4,444,
1311,13,7,778,
1311,14,10,1200,
1312,12,4,399,
1312,13,8,908,
1312,14,12,1824,
1313,12,7,789,
1313,13,10,1399,
1313,14,12,2192,
1314,12,5,576,
1314,13,9,861,
1314,14,11,1463,
1315,12,5,472,
1315,13,7,666,
1315,14,10,941,
1316,12,6,565,
1316,13,9,917,
1316,14,11,1442,
1317,12,3,274,
1317,13,6,533,
1317,14,10,1058,
1318,12,4,339,
1318,13,7,602,
1318,14,9,945,
1319,12,4,358,
1319,13,9,857,
1319,14,11,1236,
1320,12,6,654,
1320,13,10,1009,
1320,14,12,1683,
1321,12,6,484,
1321,13,9,886,
1321,14,12,1488,
1322,12,4,444,
1322,13,8,767,
1322,14,10,1216,
1323,12,6,629,
1323,13,9,1083,
1323,14,12,1844,
1324,12,4,414,
1324,13,7,647,
1324,14,10,1015,
1325,12,6,594,
1325,13,9,946,
1325,14,11,1393,
1326,12,5,473,
1326,13,10,1229,
1326,14,12,1873,
1327,12,5,564,
1327,13,8,838,
1327,14,10,1267,
1328,12,7,638,
1328,13,10,1197,
1328,14,12,1970,
1329,12,4,336,
1329,13,7,583,
1329,14,10,933,
1330,12,6,506,
1330,13,9,830,
1330,14,11,1279,
1331,12,5,521,
1331,13,9,1072,
1331,14,12,1926,
1332,12,6,515,
1332,13,9,853,
1332,14,11,1295,
1333,12,6,560,
1333,13,9,911,
1333,14,12,1634,
1334,12,5,398,
1334,13,8,689,
1334,14,10,959,
1335,12,7,660,
1335,13,10,1243,
1335,14,12,1870,
1336,12,4,462,
1336,13,8,756,
1336,14,11,1243,
1337,12,5,477,
1337,13,9,864,
1337,14,11,1202,
1338,12,5,508,
1338,13,8,821,
1338,14,11,1286,
1339,12,5,469,
1339,13,9,906,
1339,14,12,1586,
1340,12,5,366,
1340,13,8,634,
1340,14,10,868,
1341,12,7,681,
1341,13,10,1241,
1341,14,12,1795,
1342,12,4,393,
1342,13,6,539,
1342,14,8,672,
1343,12,5,535,
1343,13,8,892,
1343,14,11,1497,
1344,12,4,435,
1344,13,8,790,
1344,14,11,1294,
1345,12,7,764,
1345,13,10,1012,
1345,14,12,1543,
1346,12,6,567,
1346,13,9,913,
1346,14,11,1466,
1347,12,5,489,
1347,13,9,888,
1347,14,11,1370,
1348,12,5,508,
1348,13,8,843,
1348,14,11,1454,
1349,12,5,425,
1349,13,8,767,
1349,14,11,1403,
1350,12,5,492,
1350,13,10,1141,
1350,14,12,1957,
1351,12,7,703,
1351,13,10,1193,
1351,14,12,2040,
1352,12,4,413,
1352,13,7,722,
1352,14,10,1156,
1353,12,7,718,
1353,13,10,1153,
1353,14,12,1830,