1,22,5,333,
1,23,5,334,
1,24,5,329,
2,22,1,99,
2,23,7,511,
2,24,10,796,
3,22,3,259,
3,23,4,321,
4,22,2,137,
4,23,2,137,
5,22,4,409,159-167
5,23,9,556,159-167
5,24,9,631,160-167
6,22,4,384,
6,23,6,392,
6,24,8,475,
7,22,3,283,
7,23,4,293,
7,24,7,364,
8,22,3,211,
8,23,6,417,
8,24,9,538,
9,22,3,199,
9,23,5,327,
9,24,9,772,
10,22,2,119,
10,23,3,122,
11,22,3,262,
11,23,11,836,
11,24,11,846,
12,22,3,280,
12,23,6,406,
12,24,9,581,
13,22,3,186,
13,23,4,201,
13,24,9,624,
13,25,12,1203,
14,22,5,456,
14,23,10,718,
14,24,7,581,
15,22,4,444,
15,23,6,514,
15,24,7,585,
16,22,4,374,
16,23,8,597,
17,22,6,469,
17,23,9,569,
18,22,2,205,
18,23,2,270,
19,22,5,455,
19,23,8,617,
20,22,4,288,
20,23,7,434,
21,22,3,254,
21,23,5,311,
22,22,4,313,
22,23,7,620,
23,22,4,391,
23,23,4,450,
24,22,5,437,
24,23,12,952,
24,24,12,1226,
25,22,7,680,
25,23,10,875,
25,24,12,1136,
26,22,4,478,
26,23,6,611,
26,24,6,645,
27,22,3,274,
27,23,8,508,
28,22,5,430,
28,23,8,599,
28,24,11,870,
29,22,4,398,
29,23,5,525,
29,24,7,643,
30,22,4,412,
30,23,11,1043,
30,24,11,1090,
31,22,4,413,
31,23,7,628,
32,22,2,151,
32,23,3,199,
33,22,8,624,
33,23,10,900,
34,22,4,351,
34,23,7,523,
34,24,9,672,
35,22,6,728,
35,23,8,934,
35,24,11,1338,
35,25,11,1488,
36,22,6,629,
36,23,8,815,
37,22,4,405,
37,23,7,742,
37,24,10,914,
38,22,4,460,
38,23,4,482,
38,24,8,724,
39,22,7,339,
39,23,11,482,
39,24,11,703,
40,22,3,264,
40,23,4,477,
40,24,9,1010,
40,25,11,1203,
41,22,6,781,
41,23,12,1332,
41,24,12,1529,
42,22,4,411,170
42,23,11,961,170
43,22,4,503,
43,23,8,728,
43,24,12,1226,
44,22,5,190,
44,23,7,222,
45,22,4,362,
45,23,6,578,
45,24,7,611,
46,22,5,518,
46,23,9,880,
46,24,9,864,
46,25,10,975,
47,22,4,327,
47,23,6,451,
48,22,5,512,
48,23,7,745,
48,24,10,1156,
49,22,4,330,
49,23,6,529,
49,24,8,726,
50,22,3,263,
50,23,9,626,
50,24,12,1015,
51,22,4,428,
51,23,5,510,
51,24,10,885,
52,22,5,566,
52,23,8,796,
52,24,12,1098,
53,22,6,445,
53,23,10,674,
53,24,12,719,
54,22,5,480,
54,23,11,964,
55,22,7,771,
55,23,8,889,
55,24,9,964,
56,22,5,484,
56,23,8,842,
56,24,10,1051,
57,22,4,466,
57,23,5,555,
58,22,5,474,
58,23,7,736,
58,24,10,902,
59,22,10,1016,
59,23,12,1346,
60,22,6,749,
60,23,11,1255,
60,24,10,1101,
61,22,7,796,
61,23,9,949,
61,24,11,1139,
62,22,6,545,
62,23,10,805,
62,24,11,1065,
63,22,5,469,
63,23,8,616,
63,24,9,904,
63,25,10,1010,
64,22,4,463,
64,23,6,625,
65,22,7,618,
65,23,10,900,
66,22,4,516,
66,23,6,705,
66,24,11,1286,
67,22,5,437,
67,23,7,726,
68,22,7,796,
68,23,9,1030,
68,24,11,1208,
69,22,4,374,
69,23,6,645,
69,24,11,1113,
70,22,6,485,
70,23,8,665,
71,22,6,757,
71,23,10,1385,
71,24,11,1504,
72,22,5,589,
72,23,7,733,
72,24,10,1045,
73,22,5,375,
73,23,8,546,
74,22,7,598,
74,23,9,817,
74,24,10,868,
75,22,4,479,
75,23,8,744,
75,24,10,932,
75,25,11,1260,
76,22,6,714,
76,23,10,1099,
76,24,12,1255,
77,22,5,623,
77,23,8,998,
77,24,10,1083,
78,22,4,452,
78,23,8,688,
78,24,10,981,
79,22,6,473,
79,23,6,579,
80,22,5,428,
80,23,9,839,
80,24,9,937,
81,22,6,665,
81,23,7,830,
81,24,12,1377,
82,22,5,585,
82,23,9,1007,
82,24,11,1210,
83,22,7,667,
83,23,10,977,
83,24,12,1367,
84,22,5,418,
84,23,8,693,
85,22,7,562,
85,23,11,765,
85,24,12,900,
86,22,4,458,
86,23,8,690,
86,24,11,1003,
87,22,9,984,
87,23,12,1328,
88,22,6,745,
88,23,11,1356,
89,22,6,654,
89,23,8,872,
89,24,10,1182,
90,22,6,625,
90,23,9,767,
90,24,11,1127,
91,22,8,700,
91,23,10,835,
92,22,8,613,
92,23,11,1119,
92,24,12,1343,
93,22,8,948,
93,23,10,1113,
94,22,6,566,
94,23,7,716,
94,24,9,1042,
95,22,4,359,
95,23,5,496,
95,24,9,789,
96,22,4,468,
96,23,6,623,
96,24,12,1307,
97,22,5,525,
97,23,6,665,
98,22,4,575,
98,23,6,700,
99,22,5,361,
99,23,9,630,
99,24,11,979,
100,22,6,395,
100,23,7,461,
101,22,6,610,
101,23,8,899,
101,24,10,1061,
102,22,6,675,
102,23,10,748,
102,24,11,1111,
103,22,6,485,
103,23,7,559,
104,22,5,577,
104,23,7,899,
105,22,3,327,
105,23,9,782,
105,24,12,1203,
106,22,8,874,
106,23,10,1126,
106,24,12,1497,
107,22,6,729,
107,23,10,1212,
107,24,11,1311,
108,22,7,762,
108,23,9,901,
108,24,10,1071,
109,22,5,556,
109,23,8,874,
109,24,10,1169,
110,22,7,702,
110,23,12,1209,
110,24,12,1401,
111,22,7,662,
111,23,9,950,
112,22,3,293,
112,23,6,402,
112,24,7,721,
113,22,7,501,
113,23,8,720,
113,24,10,860,
114,22,5,578,
114,23,7,707,
114,24,9,881,
115,22,5,536,
115,23,6,643,
116,22,6,614,
116,23,7,745,
116,24,10,1105,
117,22,5,471,
117,23,7,632,
117,24,8,731,
118,22,6,663,
118,23,10,1068,
118,24,10,1100,
119,22,4,403,
119,23,8,756,
119,24,9,854,
120,22,5,600,
120,23,10,1129,
120,24,11,1392,
121,22,5,638,
121,23,8,779,
121,24,10,1157,
122,22,6,636,
122,23,8,955,
122,24,10,1115,
123,22,5,547,
123,23,10,1014,
123,24,11,1255,
124,22,4,456,
124,23,5,570,
124,24,9,1034,
124,25,10,1243,
125,22,6,552,
125,23,9,703,
125,24,10,945,
126,22,5,578,
126,23,10,1122,
126,24,11,1274,
127,22,5,554,
127,23,6,689,
127,24,9,955,
128,22,5,589,
128,23,10,924,
128,24,12,1188,
129,22,8,628,
129,23,8,769,
129,24,9,849,
130,22,4,527,
130,23,9,798,
130,24,10,1188,
131,22,4,424,
131,23,10,931,
131,24,11,1167,
132,22,7,592,
132,23,8,731,
133,22,8,936,
133,23,10,1152,
134,22,5,608,
134,23,9,944,
134,24,11,1126,
135,22,4,496,
135,23,7,820,
135,24,10,1044,
136,22,4,454,
136,23,5,560,
137,22,5,563,
137,23,8,865,
137,24,11,1379,
138,22,8,605,
138,23,10,819,
138,24,12,1047,
139,22,5,524,
139,23,6,685,
139,24,9,795,
140,22,6,803,
140,23,9,1036,
140,24,10,1102,
141,22,6,637,
141,23,9,890,
141,24,10,1005,
142,22,2,184,
142,23,6,346,
142,24,9,681,
143,22,4,468,
143,23,7,708,
144,22,6,636,
144,23,9,912,
144,24,10,1023,
145,22,3,381,
145,23,8,825,
145,24,10,984,
146,22,6,617,
146,23,10,784,
147,22,9,993,
147,23,11,1254,
148,22,8,715,
148,23,10,978,
149,22,3,359,
149,23,8,646,
149,24,11,853,
150,22,6,604,
150,23,8,832,
151,22,4,439,
151,23,6,518,
151,24,8,725,
152,22,8,797,200
152,23,11,1085,200
152,24,12,1267,222
153,22,5,420,
153,23,8,662,
153,24,9,989,
154,22,7,635,
154,23,9,927,
154,24,10,995,
155,22,4,427,
155,23,7,673,
155,24,9,960,
156,22,7,705,
156,23,10,981,
156,24,12,1254,
157,22,5,441,
157,23,9,866,
157,24,10,1202,
158,22,4,375,
158,23,8,861,
158,24,9,983,
159,22,4,510,
159,23,11,1049,
159,24,12,1661,
160,22,7,632,
160,23,8,790,
160,24,10,1110,
160,25,12,1426,
161,22,7,710,
161,23,11,1056,
161,24,12,1562,
162,22,5,440,
162,23,7,620,
162,24,10,1044,
163,22,4,333,
163,23,10,861,
164,22,6,521,
164,23,9,817,
164,24,12,1151,
165,22,6,634,
165,23,9,924,
165,24,11,1132,
166,22,7,687,
166,23,10,946,
166,24,11,1364,
167,22,5,598,
167,23,8,762,
167,24,10,1037,
168,22,5,351,
168,23,8,793,
169,22,5,519,
169,23,9,786,
169,24,11,1055,
170,22,6,551,
170,23,7,702,
170,24,11,965,
171,22,3,329,
171,23,6,614,
172,22,5,580,
172,23,8,771,
172,24,10,961,
173,22,7,729,
173,23,10,1016,
173,24,12,1455,
174,22,5,649,
174,23,8,954,
174,24,10,1084,
175,22,5,523,
175,23,9,731,
175,24,10,1087,
176,22,6,596,
176,23,7,779,
176,24,11,1159,
177,22,6,621,
177,23,9,828,
177,24,10,1160,
178,22,5,521,
178,23,9,967,
178,24,9,967,
179,22,5,522,
179,23,8,738,
179,24,10,1088,
180,22,5,660,
180,23,8,858,
180,24,11,1208,
181,22,5,533,
181,23,8,1008,
181,24,11,1607,
182,22,3,245,
182,23,4,386,
183,22,6,478,
183,23,7,645,
183,24,9,923,
184,22,4,450,
184,23,8,854,
185,22,5,550,
185,23,10,838,
185,24,10,984,
186,22,5,573,
186,23,9,1002,
186,24,10,1119,
187,22,4,418,
187,23,8,586,
187,24,10,776,
188,22,4,466,
188,23,9,1049,
188,24,12,1409,
189,22,3,385,
189,23,7,643,
189,24,11,1074,
190,22,6,692,
190,23,9,945,
190,24,10,1233,
191,22,8,855,
191,23,10,1140,
191,24,12,1553,
192,22,6,604,
192,23,10,1038,
192,24,12,1417,
193,22,4,484,
193,23,10,908,
194,22,4,384,
194,23,10,771,
194,24,11,830,
195,22,6,778,
195,23,10,1185,
195,24,12,1639,
196,22,4,444,
196,23,10,862,
196,24,12,1557,
197,22,7,509,
197,23,9,805,
197,24,11,1040,
198,22,7,815,
198,23,9,1087,
198,24,11,1400,
199,22,6,683,
199,23,10,882,
199,24,11,1159,
200,22,6,624,
200,23,9,858,
200,24,11,1178,
201,22,6,519,
201,23,8,765,
201,24,11,1190,
202,22,4,457,
202,23,7,886,
203,22,8,867,
203,23,10,1153,
203,24,12,1411,
204,22,5,659,
204,23,9,997,
204,24,12,1739,
205,22,5,464,
205,23,7,689,
205,24,8,903,
206,22,4,512,
206,23,9,1109,
206,24,11,1568,
207,22,5,546,
207,23,7,746,
207,24,9,873,
208,22,6,558,
208,23,8,861,
208,24,11,1055,
208,25,12,1614,
209,22,4,417,
209,23,7,746,
209,24,12,1001,
210,22,5,455,
210,23,8,700,
210,24,10,930,
211,22,4,462,
211,23,6,735,
211,24,10,1039,
212,22,5,521,
212,23,8,751,
212,24,11,1058,
213,22,3,298,
213,23,5,425,
213,24,8,653,
214,22,6,621,
214,23,9,935,
214,24,10,1094,
215,22,2,230,
215,23,6,507,
216,22,7,534,
216,23,12,879,
216,24,12,1178,
217,22,4,344,
217,23,6,562,
218,22,6,588,
218,23,12,1211,
218,24,12,1456,
219,22,10,754,
219,23,12,1110,
219,24,12,1344,
220,22,5,547,
220,23,7,818,
220,24,9,1027,
221,22,5,573,
221,23,8,989,
221,24,11,1400,
222,22,7,723,
222,23,9,1029,
222,24,11,1155,
223,22,6,524,
223,23,8,772,
223,24,10,901,
224,22,5,611,
224,23,9,941,
224,24,11,1232,
224,25,12,1502,
225,22,4,469,
225,23,11,744,
226,22,5,496,
226,23,9,767,
227,22,5,566,
227,23,9,884,
227,24,10,978,
228,22,5,522,
228,23,8,897,
228,24,12,1139,
229,22,5,564,
229,23,9,1038,
229,24,10,1139,
229,25,12,2070,
230,22,6,535,
230,23,9,855,
230,24,10,989,
231,22,4,451,
231,23,7,736,
232,22,5,451,
232,23,8,729,
232,24,10,1086,
233,22,5,473,
233,23,10,1031,
233,24,12,1730,
234,22,4,419,
234,23,8,725,
235,22,3,247,
235,23,6,574,
236,22,4,474,
236,23,10,871,
236,24,11,1414,
237,22,5,465,
237,23,8,791,
237,24,11,1051,
238,22,4,396,
238,23,8,831,
238,24,10,1057,
239,22,7,675,
239,23,10,1043,
239,24,11,1218,
240,22,5,540,
240,23,9,936,
240,24,11,1235,
241,22,4,403,
241,23,9,685,
241,24,10,922,
242,22,5,527,
242,23,10,1048,
243,22,7,640,
243,23,8,733,
243,24,10,1377,
244,22,3,334,
244,23,5,526,
244,24,8,842,
245,22,5,421,
245,23,8,819,
245,24,10,1077,
246,22,4,461,
246,23,7,774,
246,24,12,1396,
247,22,5,595,
247,23,8,890,
248,22,6,494,
248,23,9,828,
248,24,11,1123,
249,22,6,555,
249,23,7,776,
249,24,10,1073,
250,22,5,611,
250,23,8,883,
251,22,5,432,
251,23,6,545,
251,24,8,661,
252,22,6,584,
252,23,9,917,
252,24,12,1554,
253,22,5,542,
253,23,7,939,
253,24,11,1471,
254,22,5,560,212
254,23,10,1171,180-212
254,24,11,1610,180-212
254,25,12,2035,180-212
255,22,4,515,
255,23,8,895,
256,22,5,433,
256,23,10,598,
257,22,3,297,
257,23,5,486,
257,24,8,770,
258,22,5,479,
258,23,8,848,
259,22,4,464,
259,23,8,644,
259,24,9,829,
260,22,5,493,
260,23,8,880,
260,24,11,1438,
260,25,12,1796,
261,22,6,697,
261,23,10,1081,
261,24,11,1215,
262,22,6,579,
262,23,10,863,
262,24,12,1072,
263,22,8,1079,
263,23,10,1269,
263,24,11,1382,
264,22,8,879,
264,23,10,1005,
264,24,11,1366,
265,22,6,661,
265,23,9,909,
265,24,10,1179,
266,22,5,552,
266,23,7,884,
266,24,11,1259,
267,22,5,491,
267,23,10,1000,
268,22,6,707,
268,23,9,976,
268,24,9,1070,
268,25,12,1748,
269,22,4,390,
269,23,7,670,
269,24,9,830,
270,22,4,401,
270,23,7,728,
270,24,9,1020,
271,22,4,413,
271,23,11,965,
272,22,3,336,
272,23,5,490,
272,24,9,873,
273,22,5,559,
273,23,10,1089,
273,24,11,1498,
274,22,5,414,
274,23,7,752,
274,24,9,789,
275,22,4,396,
275,23,8,856,
275,24,9,943,
276,22,4,368,
276,23,9,723,
276,24,11,1033,
277,22,4,440,
277,23,9,922,
277,24,10,1175,
278,22,5,556,
278,23,9,784,
278,24,11,935,
279,22,5,555,
279,23,11,1104,
279,24,12,2000,
280,22,6,548,
280,23,9,838,
280,24,10,1043,
281,22,5,480,
281,23,8,981,
281,24,11,1270,
282,22,5,357,
282,23,8,560,
283,22,5,574,
283,23,10,1009,
283,24,11,1280,
284,22,5,520,
284,23,9,927,
284,24,10,1148,
285,22,4,436,
285,23,10,727,
285,24,11,899,
286,22,5,486,
286,23,10,972,
286,24,12,1425,
287,22,7,607,
287,23,10,856,
287,24,12,1050,
287,25,12,1545,
288,22,5,505,
288,23,8,888,
288,24,11,1228,
289,22,4,393,
289,23,7,730,
289,24,10,1127,
290,22,6,470,
290,23,10,791,
290,24,12,1543,
291,22,5,494,
291,23,8,893,
291,24,11,1363,
292,22,8,612,
292,23,11,951,
292,24,12,1363,
292,25,12,1391,
293,22,5,457,
293,23,9,896,
293,24,11,1122,
294,22,4,421,
294,23,8,805,
294,24,10,1060,
295,22,5,600,
295,23,7,856,
295,24,10,1175,
296,22,4,386,
296,23,7,714,
296,24,10,1024,
297,22,4,399,
297,23,6,643,
298,22,5,517,
298,23,10,906,
298,24,12,1163,
299,22,5,436,
299,23,10,1048,
300,22,4,512,
300,23,8,861,
300,24,10,1065,
301,22,5,548,
301,23,9,853,
301,24,11,1214,
302,22,5,449,
302,23,9,856,
302,24,11,1158,
303,22,7,723,
303,23,10,1122,
303,24,10,1189,
304,22,5,489,
304,23,8,906,
305,22,7,653,
305,23,10,968,
305,24,12,1367,
306,22,6,576,
306,23,10,990,
307,22,7,647,
307,23,10,966,
307,24,11,1399,
307,25,12,2000,
308,22,5,552,
308,23,9,901,
308,24,11,1165,
309,22,5,532,
309,23,8,793,
309,24,9,988,
310,22,4,398,
310,23,7,580,
310,24,11,1324,
311,22,5,492,
311,23,8,776,
311,24,11,1207,
312,22,6,581,
312,23,9,978,
312,24,12,1586,
313,22,5,470,
313,23,7,797,
313,24,10,1191,
314,22,7,626,
314,23,10,1041,
314,24,12,1481,
315,22,7,875,
315,23,11,1281,
315,24,12,2000,
316,22,5,488,
316,23,7,793,
316,24,8,934,
317,22,4,374,
317,23,7,730,
318,22,5,455,
318,23,7,642,
318,24,8,794,
319,22,5,534,
319,23,10,1084,
320,22,7,618,
320,23,8,950,
320,24,10,1134,
321,22,6,642,
321,23,8,863,
321,24,12,1348,
322,22,5,422,
322,23,9,822,
322,24,11,1110,
323,22,6,710,
323,23,9,1078,
323,24,11,1319,
324,22,6,575,
324,23,8,857,
324,24,10,1047,
325,22,6,610,
325,23,8,929,
325,24,8,1081,
326,22,9,475,
326,23,10,825,
326,24,12,1167,
327,22,7,616,
327,23,9,962,
327,24,11,1162,
328,22,4,386,
328,23,8,642,
329,22,6,601,
329,23,8,851,
329,24,10,1186,
330,22,7,813,
330,23,8,1056,
330,24,10,1396,
330,25,12,1855,
331,22,5,419,
331,23,7,706,
331,24,9,921,
332,22,5,439,
332,23,7,771,
332,24,9,1123,
333,22,6,699,
333,23,9,1241,
333,24,12,1730,
334,22,8,1005,
334,23,10,1335,
334,24,12,1662,
334,25,12,2000,
335,22,7,696,
335,23,11,1254,
335,24,12,1721,
336,22,4,396,
336,23,5,533,
337,22,4,451,
337,23,9,836,
337,24,11,1115,
338,22,5,451,
338,23,7,736,
339,22,4,413,
339,23,6,690,
340,22,6,334,
340,23,11,714,
340,24,12,858,
341,22,7,747,
341,23,9,1086,
341,24,11,1409,
342,22,5,459,
342,23,8,753,
342,24,10,1075,
343,22,6,500,
343,23,8,704,
343,24,11,1069,
344,22,9,792,
344,23,12,1179,
344,24,12,1474,
345,22,7,766,
345,23,9,1145,
345,24,12,1628,
346,22,4,407,
346,23,10,1173,
346,24,12,1750,
347,22,5,616,
347,23,9,1090,
347,24,11,1394,
348,22,4,523,
348,23,6,697,
348,24,7,904,
349,22,6,449,
349,23,10,947,
349,24,12,1141,
349,25,12,1563,
350,22,7,588,
350,23,11,938,
350,24,12,1297,
350,25,12,1633,
351,22,4,377,
351,23,6,544,
352,22,4,362,
352,23,7,616,
352,24,8,786,
353,22,5,538,
353,23,8,816,
353,24,10,1182,
354,22,5,523,
354,23,6,739,
354,24,8,1003,
355,22,6,661,
355,23,8,888,
356,22,5,493,
356,23,7,615,
356,24,8,838,
357,22,6,609,
357,23,9,962,
357,24,10,1267,
358,22,7,775,
358,23,10,1207,
358,24,12,1732,
359,22,6,601,
359,23,8,909,
359,24,10,1154,
360,22,5,419,
360,23,7,666,
360,24,10,1233,
361,22,6,637,
361,23,10,1291,
361,24,12,1603,
361,25,12,1956,
362,22,5,390,
362,23,9,694,
362,24,10,982,
363,22,6,492,
363,23,9,1063,
363,24,12,1717,
364,22,5,664,
364,23,7,999,
364,24,10,1259,
365,22,6,587,
365,23,7,803,
365,24,10,1037,
365,25,12,1662,
366,22,5,345,
366,23,7,576,
367,22,5,433,
367,23,7,696,
367,24,11,1052,
368,22,5,482,
368,23,8,813,
368,24,10,1175,
369,22,5,435,
369,23,10,736,
369,24,12,982,
370,22,5,523,
370,23,10,924,
370,24,11,1357,
371,22,5,519,
371,23,8,740,
371,24,11,1037,
372,22,6,481,
372,23,10,965,
372,24,12,1264,
373,22,5,416,
373,23,8,669,
373,24,9,916,
374,22,7,687,
374,23,10,1038,
374,24,12,1336,
374,25,12,2000,
375,22,7,681,
375,23,10,1040,
375,24,11,1241,
376,22,5,599,
376,23,7,842,
376,24,10,1356,
377,22,7,733,
377,23,10,1249,
377,24,11,1418,
378,22,3,319,
378,23,7,623,
378,24,10,942,
379,22,7,752,
379,23,9,1130,
379,24,10,1572,
380,22,6,569,
380,23,10,1231,
380,24,12,1922,
381,22,6,607,
381,23,9,1024,
381,24,11,1335,
382,22,6,556,
382,23,9,969,
382,24,11,1278,
383,22,7,706,
383,23,9,1061,
383,24,12,1406,
384,22,8,600,
384,23,11,989,
384,24,12,1532,
385,22,4,286,
385,23,6,570,
385,24,8,746,
386,22,6,643,
386,23,9,946,
386,24,11,1183,
387,22,5,400,
387,23,8,936,
387,24,10,1174,
387,25,11,1265,
388,22,8,831,
388,23,10,1199,
388,24,12,1656,
389,22,6,545,
389,23,8,805,
389,24,10,1016,
390,22,4,383,
390,23,7,592,
390,24,9,831,
391,22,4,404,
391,23,9,807,
391,24,11,1386,
392,22,6,704,
392,23,9,1227,
392,24,10,1599,
393,22,6,541,
393,23,8,806,
393,24,12,1756,
394,22,6,575,
394,23,10,1103,
394,24,11,1367,
394,25,12,1676,
395,22,5,407,
395,23,9,790,
395,24,11,1069,
396,22,5,622,
396,23,10,1133,
396,24,11,1451,
396,25,12,1728,
397,22,6,597,
397,23,9,1019,
397,24,10,1527,
398,22,7,634,
398,23,9,985,
398,24,11,1325,
399,22,6,333,
399,23,9,762,
399,24,11,929,
400,22,6,625,
400,23,10,1197,
400,24,12,1616,
401,22,7,536,
401,23,10,953,
401,24,11,1171,
401,25,12,1583,
402,22,3,329,
402,23,6,616,
402,24,9,910,
402,25,12,1326,
403,22,4,424,
403,23,6,678,
403,24,9,922,
404,22,4,428,
404,23,7,636,
404,24,9,879,
405,22,6,575,
405,23,10,1073,
405,24,12,1537,
406,22,7,592,
406,23,9,801,
406,24,10,1011,
407,22,6,681,
407,23,10,1150,
407,24,12,1356,
408,22,3,258,
408,23,5,465,
409,22,8,804,
409,23,10,1461,
409,24,12,1882,
410,22,6,559,
410,23,7,873,
410,24,9,1081,
411,22,6,606,
411,23,9,944,
411,24,11,1224,
412,22,6,655,
412,23,10,1161,
412,24,11,1605,
412,25,12,1991,
413,22,7,764,
413,23,9,1189,
413,24,11,1519,
413,25,12,1986,
414,22,5,618,
414,23,9,1051,
414,24,11,1443,
414,25,11,1709,
415,22,5,564,
415,23,10,1141,
415,24,11,1574,
416,22,5,590,
416,23,8,820,
416,24,9,970,
417,22,5,493,
417,23,9,805,
417,24,11,1235,
418,22,7,716,
418,23,10,1220,
418,24,12,1811,
419,22,6,694,
419,23,9,1079,
419,24,10,1292,
420,22,5,526,
420,23,8,815,
420,24,9,1001,
421,22,5,412,
421,23,8,894,
421,24,9,1061,
422,22,6,528,
422,23,10,822,
422,24,12,1087,
423,22,6,572,
423,23,9,1047,
423,24,11,1391,
424,22,5,456,
424,23,7,605,
424,24,9,913,
425,22,5,466,
425,23,8,852,
425,24,11,1252,
426,22,5,496,
426,23,8,878,
426,24,11,1276,
427,22,6,607,
427,23,10,1301,
427,24,11,1659,
427,25,12,1999,
428,22,4,353,
428,23,7,667,
428,24,8,937,
428,25,11,1295,
429,22,4,437,
429,23,8,870,
429,24,11,1257,
430,22,5,433,
430,23,8,698,
430,24,10,853,
430,25,11,1276,
431,22,5,476,
431,23,7,675,
431,24,9,1034,
432,22,5,526,
432,23,8,846,
432,24,9,1012,
433,22,5,476,
433,23,10,941,
433,24,11,1181,
434,22,6,692,
434,23,9,1028,
434,24,10,1355,
435,22,4,431,
435,23,8,812,
435,24,9,1012,
436,22,5,637,
436,23,10,1195,
436,24,11,1797,
436,25,12,1951,
437,22,5,448,
437,23,8,813,
437,24,10,1166,
438,22,7,710,
438,23,10,1138,
438,24,11,1366,
439,22,5,437,
439,23,8,863,
439,24,10,1107,
439,25,11,1182,
440,22,4,440,
440,23,8,1006,
440,24,10,1280,
441,22,5,746,
441,23,10,1408,
441,24,11,1686,
442,22,5,549,
442,23,10,936,
442,24,12,1414,
443,22,7,537,
443,23,10,940,
443,24,11,1299,
444,22,5,482,
444,23,8,939,
444,24,10,1248,
445,22,5,445,
445,23,8,708,
445,24,11,1127,
446,22,5,548,
446,23,8,895,
446,24,12,1552,
447,22,5,452,
447,23,8,772,
447,24,10,1012,
448,22,5,534,
448,23,9,850,
448,24,10,1220,
449,22,5,525,
449,23,10,1087,
449,24,11,1309,
450,22,7,640,
450,23,11,1396,
450,24,12,2194,
451,22,6,601,
451,23,9,1018,
451,24,11,1486,
452,22,5,503,
452,23,8,838,
452,24,9,1086,
453,22,6,659,
453,23,9,1094,
453,24,10,1443,
453,25,12,1766,
454,22,6,587,
454,23,9,944,
454,24,11,1225,
454,25,12,1503,
455,22,6,506,
455,23,11,1117,
455,24,12,1764,
456,22,7,573,
456,23,10,1074,
456,24,12,1606,
457,22,5,472,
457,23,7,888,
457,24,10,1085,
458,22,5,524,
458,23,8,987,
458,24,10,1190,
459,22,5,433,
459,23,8,954,
459,24,10,1444,
460,22,3,278,
460,23,7,555,
460,24,9,864,
461,22,6,646,
461,23,10,1109,
461,24,11,1384,
462,22,5,530,
462,23,8,847,
462,24,10,1151,
463,22,6,598,
463,23,10,1021,
463,24,11,1257,
464,22,8,871,
464,23,9,1393,
464,24,10,1615,
465,22,5,474,
465,23,8,818,
465,24,11,1140,
466,22,5,531,
466,23,8,872,
466,24,10,1327,
467,22,5,601,
467,23,10,1180,
467,24,12,1631,
468,22,4,390,
468,23,8,977,
468,24,11,1268,
469,22,5,481,
469,23,9,822,
469,24,11,1390,
470,22,6,596,
470,23,10,1041,
470,24,11,1351,
471,22,8,788,
471,23,10,1281,
471,24,12,1798,
472,22,7,679,
472,23,10,1046,
472,24,12,1438,
473,22,8,887,
473,23,10,1392,
473,24,12,1980,
474,22,6,652,
474,23,11,1210,
474,24,12,2000,
475,22,7,708,
475,23,10,979,
475,24,12,1197,
476,22,6,619,
476,23,8,970,
476,24,12,1529,
477,22,5,573,
477,23,8,877,
477,24,10,1165,
478,22,4,371,
478,23,8,722,
478,24,10,976,
479,22,5,380,
479,23,9,775,
479,24,11,1204,
480,22,4,434,
480,23,7,840,
480,24,9,1059,
481,22,5,559,
481,23,9,898,
481,24,11,1361,
482,22,6,471,
482,23,9,857,
482,24,10,1051,
483,22,7,728,
483,23,8,845,
483,24,11,1348,
484,22,6,650,
484,23,9,1022,
484,24,11,1574,
485,22,4,471,
485,23,7,713,
485,24,9,1007,
486,22,4,371,
486,23,9,885,
486,24,10,1135,
487,22,7,638,140
487,23,9,944,140
487,24,12,1752,162
488,22,6,564,
488,23,10,1028,
488,24,12,1836,
489,22,6,517,
489,23,9,1015,
489,24,12,1564,
490,22,5,500,
490,23,7,683,
490,24,9,1025,
491,22,8,638,
491,23,9,871,
491,24,11,1170,
492,22,5,356,
492,23,9,795,
492,24,10,1020,
493,22,5,539,
493,23,11,1188,
493,24,12,1913,
493,25,12,2033,
494,22,5,466,
494,23,8,880,
494,24,11,1274,
495,22,5,415,
495,23,8,625,
495,24,9,900,
496,22,6,707,
496,23,8,1016,
496,24,10,1342,
497,22,6,729,
497,23,9,1117,
497,24,11,1480,
498,22,4,352,
498,23,7,689,
498,24,9,910,
499,22,5,471,
499,23,8,778,
499,24,9,1012,
500,22,6,644,
500,23,7,815,
500,24,8,957,
501,22,5,636,
501,23,7,908,
501,24,10,1521,
502,22,4,412,
502,23,6,590,
502,24,8,951,
503,22,6,640,190-290
503,23,10,1259,220-310
503,24,12,2290,220-350
504,22,3,357,
504,23,9,940,
504,24,10,1147,
505,22,4,341,
505,23,8,698,
505,24,10,967,
506,22,5,444,
506,23,8,728,
506,24,10,1109,
507,22,6,568,
507,23,9,958,
507,24,11,1393,
508,22,5,463,
508,23,7,738,
508,24,9,1142,
509,22,6,555,
509,23,10,1164,
509,24,11,1258,
510,22,5,502,
510,23,9,916,
510,24,11,1200,
511,22,5,394,
511,23,8,784,
511,24,10,1113,
512,22,5,507,
512,23,9,874,
512,24,11,1230,
513,22,5,556,
513,23,8,866,
513,24,10,1265,
514,22,5,551,
514,23,9,1096,
514,24,12,1420,
515,22,6,560,
515,23,10,992,
515,24,11,1235,
516,22,7,739,
516,23,10,1183,
516,24,12,1848,
517,22,6,585,
517,23,8,822,
517,24,10,1304,
518,22,5,453,
518,23,9,829,
518,24,11,1254,
519,22,6,637,
519,23,9,1109,
519,24,11,1474,
520,22,6,583,
520,23,9,1020,
520,24,12,1867,
521,22,6,452,
521,23,8,835,
521,24,11,1230,
522,22,2,266,
522,23,5,485,
522,24,7,691,
523,22,5,472,
523,23,7,750,
523,24,10,1058,
524,22,4,309,
524,23,8,783,
524,24,10,1216,
525,22,5,503,
525,23,9,853,
525,24,10,1185,
525,25,11,1264,
526,22,4,366,
526,23,7,781,
526,24,10,1172,
527,22,4,429,
527,23,9,740,
527,24,12,1120,
528,22,5,534,
528,23,8,903,
528,24,11,1380,
529,22,4,328,
529,23,6,502,
529,24,9,857,
530,22,6,629,
530,23,8,1003,
530,24,10,1310,
531,22,5,529,
531,23,9,1104,
531,24,11,1598,
532,22,6,478,
532,23,10,990,
532,24,12,1587,
533,22,7,689,
533,23,10,1106,
533,24,12,1820,
534,22,6,573,
534,23,9,840,
534,24,11,1295,
535,22,7,665,
535,23,11,1341,
535,24,12,2109,
536,22,6,551,
536,23,9,931,
536,24,11,1291,
537,22,8,822,
537,23,11,1243,
537,24,12,1893,
538,22,5,453,
538,23,8,794,
538,24,10,1150,
539,22,5,372,
539,23,9,928,
539,24,12,1549,
540,22,6,511,
540,23,9,879,
540,24,11,1395,
541,22,6,550,
541,23,10,913,
541,24,12,1498,
542,22,5,512,
542,23,10,1184,
542,24,12,1731,
543,22,4,478,
543,23,8,896,
543,24,11,1359,
544,22,6,601,
544,23,10,1097,
544,24,12,1526,
545,22,4,301,
545,23,6,498,
545,24,7,689,
546,22,5,523,
546,23,9,930,
546,24,11,1373,
547,22,6,518,
547,23,10,1086,
547,24,12,1490,
548,22,4,425,
548,23,9,923,
548,24,11,1289,
549,22,5,529,
549,23,9,925,
549,24,11,1235,
550,22,6,636,
550,23,9,1071,
550,24,11,1388,
551,22,5,276,
551,23,8,743,
551,24,10,1091,
552,22,6,616,
552,23,9,961,
552,24,11,1322,
553,22,3,284,
553,23,6,487,
553,24,9,792,
554,22,7,623,
554,23,9,804,
554,24,11,1089,
555,22,5,551,
555,23,8,879,
555,24,10,1329,
556,22,6,557,
556,23,10,1307,
556,24,12,1847,
557,22,3,235,
557,23,5,459,
557,24,7,611,
557,25,10,1067,
558,22,5,458,
558,23,7,729,
558,24,10,1076,
559,22,5,557,
559,23,10,1234,
559,24,12,1750,
560,22,6,542,
560,23,10,933,
560,24,12,1692,
561,22,5,433,
561,23,8,811,
561,24,10,1233,
562,22,5,488,
562,23,9,983,
562,24,11,1314,
563,22,6,617,
563,23,10,1054,
563,24,12,1475,
564,22,5,507,
564,23,9,1049,
564,24,11,1398,
565,22,4,352,
565,23,7,686,
565,24,11,1310,
566,22,4,431,
566,23,8,746,
566,24,11,1153,
567,22,4,437,
567,23,8,863,
567,24,9,1233,
568,22,6,547,
568,23,10,1201,
568,24,12,1761,
569,22,2,271,
569,23,8,721,
569,24,8,864,
570,22,4,329,
570,23,9,818,
570,24,11,1305,
571,22,6,549,
571,23,9,913,
571,24,11,1271,
572,22,7,657,
572,23,10,1209,
572,24,12,1832,
573,22,4,360,
573,23,7,687,
573,24,10,1254,
574,22,4,395,
574,23,6,654,
574,24,9,1248,
575,22,5,532,
575,23,10,1258,
575,24,12,1760,
576,22,4,373,
576,23,8,738,
576,24,10,1126,
577,22,5,611,
577,23,10,1297,
577,24,12,1703,
578,22,3,293,
578,23,7,662,
578,24,10,1004,
579,22,4,490,
579,23,8,819,
579,24,10,1193,
580,22,5,458,
580,23,10,1004,
580,24,12,1535,
581,22,5,381,
581,23,9,768,
581,24,11,1205,
582,22,5,452,
582,23,8,873,
582,24,11,1457,
583,22,8,724,
583,23,10,1137,
583,24,12,1525,
584,22,6,612,
584,23,9,1181,
584,24,10,1544,
585,22,5,512,
585,23,8,866,
585,24,10,1115,
586,22,2,229,
586,23,6,617,
586,24,9,1202,
587,22,4,438,
587,23,8,816,
587,24,10,1181,
588,22,4,333,
588,23,8,777,
588,24,10,1111,
589,22,4,427,
589,23,7,704,
589,24,9,1029,
590,22,4,331,
590,23,7,669,
590,24,10,995,
591,22,6,654,
591,23,10,1389,
591,24,12,1957,
592,22,5,527,
592,23,8,793,
592,24,11,1329,
593,22,5,530,
593,23,8,1024,
593,24,11,1502,
594,22,7,729,
594,23,10,1216,
594,24,12,1999,
594,25,12,1825,
595,22,4,340,
595,23,9,1021,
595,24,12,1874,
596,22,5,447,
596,23,9,878,
596,24,11,1438,
597,22,4,420,
597,23,7,771,
597,24,10,1035,
598,22,3,353,
598,23,7,707,
598,24,10,1345,
599,22,3,435,
599,23,6,700,
599,24,10,1230,
600,22,5,402,
600,23,9,754,
600,24,11,1192,
601,22,6,522,
601,23,9,974,
601,24,11,1552,
602,22,4,336,
602,23,8,724,
602,24,10,1108,
603,22,5,609,
603,23,10,1100,
603,24,11,1372,
604,22,6,560,
604,23,10,1108,
604,24,12,1418,
605,22,4,239,
605,23,9,1017,
605,24,11,1394,
606,22,4,376,
606,23,7,726,
606,24,10,1177,
607,22,6,626,
607,23,10,1192,
607,24,12,1618,
608,22,5,451,
608,23,10,1191,
608,24,12,1646,
609,22,5,534,
609,23,9,1034,
609,24,11,1677,
610,22,4,319,
610,23,8,798,
610,24,11,1265,
610,25,12,1384,97-194
611,22,5,541,
611,23,9,1079,
611,24,12,1960,
612,22,3,315,
612,23,7,642,
612,24,9,1013,
613,22,5,498,
613,23,9,1020,
613,24,12,1916,
614,22,6,647,
614,23,11,1391,
614,24,12,2033,
615,22,4,424,
615,23,9,893,
615,24,12,1438,
616,22,4,437,
616,23,8,878,
616,24,11,1493,
617,22,4,311,
617,23,9,814,
617,24,11,1151,
618,22,5,505,
618,23,8,854,
618,24,11,1404,
619,22,4,367,
619,23,8,902,
619,24,12,1837,
620,22,7,561,
620,23,10,941,
620,24,12,1254,
621,22,4,419,
621,23,8,922,
621,24,11,1473,
622,22,4,395,
622,23,7,744,
622,24,10,1163,
623,22,6,530,
623,23,10,1139,
623,24,12,1997,
624,22,7,703,
624,23,11,1444,
624,24,12,2261,
625,22,4,363,
625,23,8,696,
625,24,10,1144,
626,22,3,315,
626,23,6,602,
626,24,10,1079,
627,22,4,455,
627,23,8,840,
627,24,12,1858,
628,22,3,278,
628,23,9,973,
628,24,12,2084,
629,22,5,469,
629,23,9,910,
629,24,11,1361,
630,22,3,343,
630,23,6,621,
630,24,10,1355,
631,22,6,649,
631,23,9,1031,
631,24,11,1448,
632,22,3,272,
632,23,7,667,
632,24,11,1100,
633,22,4,442,
633,23,8,843,
633,24,10,1311,
634,22,4,392,
634,23,8,772,
634,24,10,1188,
635,22,5,437,
635,23,8,708,
635,24,11,1412,
636,22,5,509,
636,23,10,1097,
636,24,12,1938,
637,22,2,206,
637,23,6,569,
637,24,8,787,
638,22,7,655,
638,23,10,1119,
638,24,11,1814,
639,22,6,318,
639,23,10,644,
639,24,12,1018,
640,22,4,361,
640,23,10,1017,
640,24,12,1614,
641,22,8,828,
641,23,10,1268,
641,24,12,2222,
642,22,6,704,
642,23,10,1148,
642,24,11,1613,
643,22,6,605,
643,23,9,977,
643,24,12,1493,
644,22,4,410,
644,23,8,744,
644,24,11,1161,
645,22,5,610,
645,23,10,1074,
645,24,12,1854,
646,22,5,532,
646,23,8,817,
646,24,11,1459,
647,22,6,579,
647,23,9,1022,
647,24,12,1378,
648,22,4,321,
648,23,7,710,
648,24,10,1060,
648,25,11,1427,
649,22,3,345,
649,23,6,628,
649,24,9,976,
650,22,4,412,
650,23,8,846,
650,24,10,1286,
651,22,5,533,
651,23,10,1173,
651,24,11,1602,
652,22,5,495,
652,23,7,754,
652,24,9,1107,
653,22,6,598,
653,23,10,1317,
653,24,12,1810,
654,22,6,738,
654,23,10,1290,
654,24,12,1744,
655,22,5,565,
655,23,9,1073,
655,24,11,1502,
656,22,5,498,
656,23,8,954,
656,24,12,1676,
657,22,3,300,
657,23,6,699,
657,24,10,1416,
657,25,11,1644,
658,22,5,396,
658,23,8,635,
658,24,9,799,
659,22,4,346,
659,23,10,967,
659,24,11,1121,
660,22,6,521,95
660,23,10,999,199
660,24,12,1999,199
661,22,5,533,
661,23,9,948,
661,24,11,1461,
662,22,6,686,
662,23,9,945,
662,24,10,1306,
663,22,6,627,
663,23,10,1077,
663,24,12,1577,
664,22,4,398,
664,23,8,862,
664,24,11,1439,
665,22,4,352,
665,23,7,722,
665,24,10,1014,
666,22,4,381,
666,23,8,758,
666,24,11,1216,
667,22,6,595,
667,23,10,1104,
667,24,12,1524,
668,22,5,494,
668,23,8,794,
668,24,10,1208,
669,22,5,481,
669,23,8,949,
669,24,11,1410,
670,22,5,484,
670,23,10,1256,
670,24,12,1613,
671,22,5,465,
671,23,9,961,
671,24,11,1416,
672,22,6,711,
672,23,10,1091,
672,24,11,1470,
673,22,4,568,
673,23,7,726,
673,24,9,1296,
674,22,4,393,
674,23,7,810,
674,24,11,1482,
675,22,6,550,
675,23,11,1294,
675,24,12,1596,
676,22,5,494,
676,23,10,936,
676,24,12,1496,
677,22,6,563,
677,23,10,1254,
677,24,12,1732,
678,22,4,469,
678,23,8,850,
678,24,11,1496,
679,22,5,522,
679,23,9,910,
679,24,11,1491,
680,22,5,516,
680,23,10,1015,
680,24,12,1670,
681,22,7,726,
681,23,9,1138,
681,24,11,1497,
682,22,6,522,
682,23,11,1180,
682,24,12,1571,
683,22,6,502,
683,23,11,970,
683,24,12,1325,
684,22,3,296,
684,23,7,658,
684,24,9,1019,
685,22,5,579,
685,23,10,1244,
685,24,12,1775,
686,22,6,644,
686,23,10,1142,
686,24,12,1807,
687,22,7,667,
687,23,10,1169,
687,24,11,1619,
688,22,5,583,
688,23,9,1046,
688,24,11,1670,
689,22,5,534,
689,23,8,818,
689,24,11,1479,
690,22,5,518,
690,23,10,1044,
690,24,12,1897,
691,22,5,505,
691,23,9,1105,
691,24,12,1514,
692,22,5,517,
692,23,9,805,
692,24,10,1085,
692,25,12,1866,
693,22,4,343,
693,23,8,701,
693,24,12,1477,
694,22,6,795,
694,23,10,1388,
694,24,12,2120,
695,22,7,614,
695,23,10,1198,
695,24,12,1685,
696,22,6,602,
696,23,10,1159,
696,24,12,1441,
697,22,6,579,
697,23,9,1138,
697,24,12,1709,
698,22,4,357,
698,23,7,588,
698,24,11,1059,
699,22,4,343,
699,23,8,758,
699,24,10,1016,
700,22,5,500,
700,23,10,949,
700,24,12,1369,
701,22,5,471,
701,23,7,729,
701,24,9,984,
702,22,5,570,
702,23,8,1032,
702,24,11,1549,
702,25,12,1817,
703,22,6,656,
703,23,10,1316,
703,24,12,1894,
704,22,4,464,
704,23,9,952,
704,24,11,1265,
705,22,6,543,
705,23,9,1056,
705,24,12,1735,
706,22,5,425,
706,23,8,771,
706,24,10,1108,
707,22,5,440,
707,23,9,893,
707,24,11,1387,
707,25,12,1722,
708,22,4,413,
708,23,7,759,
708,24,10,1082,
708,25,11,1257,
709,22,6,551,
709,23,10,1096,
709,24,12,1577,
709,25,12,1815,
710,22,6,524,
710,23,10,946,
710,24,12,1382,
711,22,4,398,
711,23,8,820,
711,24,11,1600,
712,22,6,637,
712,23,10,1254,
712,24,12,1931,
712,25,12,2285,
713,22,5,542,
713,23,8,839,
713,24,11,1385,
714,22,7,675,
714,23,10,1033,
714,24,11,1373,
715,22,6,633,
715,23,10,1204,
715,24,12,1495,
716,22,5,520,
716,23,9,912,
716,24,11,1264,
717,22,2,265,
717,23,8,843,
717,24,10,1175,
718,22,4,381,
718,23,9,732,
718,24,11,1199,
719,22,5,433,
719,23,9,912,
719,24,12,1610,
719,25,12,1851,
720,22,6,574,
720,23,9,975,
720,24,11,1429,
721,22,5,604,
721,23,9,941,
721,24,11,1364,
722,22,7,894,
722,23,9,1127,
722,24,12,1853,
723,22,6,497,
723,23,9,922,
723,24,11,1224,
724,22,4,400,
724,23,7,636,
724,24,11,1419,
725,22,5,654,
725,23,8,1048,
725,24,12,1763,
726,22,3,355,
726,23,6,686,
726,24,9,1217,
727,22,4,430,
727,23,8,713,
727,24,11,1209,
728,22,5,485,
728,23,9,852,
728,24,10,1007,
729,22,6,578,
729,23,9,1049,
729,24,11,1628,
729,25,12,1879,
730,22,4,308,
730,23,7,639,
730,24,11,1312,
731,22,5,531,
731,23,8,943,
731,24,11,1433,
732,22,5,544,
732,23,8,897,
732,24,11,1252,
733,22,6,544,
733,23,10,1086,
733,24,12,1512,
734,22,6,655,
734,23,10,1237,
734,24,12,1873,
735,22,4,385,
735,23,8,812,
735,24,10,1251,
736,22,4,443,
736,23,8,991,
736,24,12,1722,
737,22,5,420,
737,23,7,760,
737,24,10,1184,
738,22,6,579,
738,23,10,1242,
738,24,12,1659,
738,25,12,1773,
739,22,6,694,
739,23,11,1382,
739,24,12,2097,
740,22,6,687,
740,23,10,1224,
740,24,11,1473,
740,25,12,2058,
741,22,3,304,
741,23,8,692,
741,24,10,1154,
742,22,6,614,
742,23,10,1137,
742,24,12,1678,
743,22,4,383,
743,23,7,686,
743,24,11,1288,
744,22,5,412,
744,23,8,691,
744,24,11,1259,
745,22,6,627,
745,23,9,931,
745,24,11,1332,
746,22,3,383,
746,23,6,719,
746,24,10,1136,
747,22,4,470,
747,23,8,765,
747,24,11,1628,
748,22,6,446,
748,23,9,978,
748,24,11,1489,
749,22,5,496,
749,23,9,970,
749,24,10,1174,
750,22,5,438,
750,23,7,709,
750,24,10,1140,
751,22,6,522,
751,23,9,1006,
751,24,11,1249,
752,22,3,338,
752,23,8,634,
752,24,9,794,
753,22,5,594,
753,23,9,1107,
753,24,12,1830,
754,22,7,722,
754,23,10,1067,
754,24,12,1500,
755,22,6,610,
755,23,9,998,
755,24,12,1683,
756,22,6,598,
756,23,7,880,
756,24,8,1104,
757,22,4,405,
757,23,7,761,
757,24,11,1415,
758,22,5,496,
758,23,8,732,
758,24,10,1038,
759,22,8,780,
759,23,10,1313,
759,24,12,1680,
760,22,7,653,
760,23,9,806,
760,24,11,1143,
761,22,7,778,
761,23,10,1341,
761,24,12,2073,
761,25,12,2255,
762,22,5,478,
762,23,8,864,
762,24,11,1250,
763,22,8,985,
763,23,9,1156,
763,24,10,1570,
764,22,5,438,
764,23,9,1050,
764,24,12,1833,
765,22,4,348,
765,23,7,734,
765,24,11,1212,
766,22,7,643,
766,23,10,1094,
766,24,12,1949,
766,25,12,2093,
767,22,7,726,
767,23,11,1437,
767,24,12,1855,
768,22,5,432,
768,23,7,673,
768,24,10,1457,
769,22,5,482,
769,23,8,852,
769,24,10,1296,
770,22,5,437,
770,23,8,736,
770,24,10,1041,
771,22,4,388,
771,23,9,989,
771,24,11,1447,
772,22,5,502,
772,23,10,994,
772,24,12,1662,
773,22,7,607,
773,23,10,1145,
773,24,12,1557,
774,22,4,339,
774,23,7,664,
774,24,11,1166,
775,22,6,596,
775,23,10,1116,
775,24,12,1774,
776,22,6,672,
776,23,8,896,
776,24,10,1216,
777,22,6,556,
777,23,10,1154,
777,24,12,1670,
777,25,12,1764,
778,22,6,691,
778,23,10,1362,
778,24,12,1974,
779,22,4,363,
779,23,7,879,
779,24,11,1450,
780,22,5,485,
780,23,8,938,
780,24,10,1190,
780,25,12,1782,
781,22,4,379,
781,23,8,748,
781,24,11,1026,
782,22,7,725,
782,23,10,1265,
782,24,12,1945,
783,22,5,592,
783,23,9,929,
783,24,11,1626,
784,22,5,446,
784,23,9,920,
784,24,11,1320,
785,22,5,420,
785,23,8,716,
785,24,10,1354,
785,25,12,1887,
786,22,6,748,
786,23,9,1214,
786,24,11,1494,
787,22,5,564,
787,23,8,1069,
787,24,11,1613,
788,22,5,596,
788,23,9,1092,
788,24,11,1509,
789,22,6,513,
789,23,9,1123,
789,24,12,1911,
790,22,7,610,
790,23,9,939,
790,24,11,1301,
791,22,3,322,
791,23,6,633,
791,24,9,896,
791,25,10,1114,
792,22,5,625,
792,23,9,1128,
792,24,11,1582,
792,25,12,2477,
793,22,7,722,
793,23,11,1422,
793,24,12,2222,
794,22,5,462,
794,23,9,914,
794,24,11,1356,
794,25,11,1453,
795,22,5,573,
795,23,9,1139,
795,24,12,1764,
796,22,4,353,
796,23,8,684,
796,24,10,1184,
797,22,6,544,
797,23,8,815,
797,24,10,1147,
797,25,12,1747,
798,22,7,723,
798,23,10,1328,
798,24,12,2155,
799,22,6,497,
799,23,9,966,
799,24,11,1437,
800,22,6,594,170
800,23,9,900,170
800,24,12,1575,170
800,25,12,1878,113-170
801,22,7,589,
801,23,10,1094,
801,24,12,1778,
802,22,4,433,
802,23,8,798,
802,24,11,1186,
803,22,6,629,
803,23,9,967,
803,24,12,1832,
804,22,7,682,
804,23,10,1125,
804,24,12,1794,
805,22,6,596,
805,23,9,1009,
805,24,12,2090,
806,22,5,511,
806,23,9,912,
806,24,12,1524,
807,22,6,741,
807,23,9,1177,
807,24,11,1459,
808,22,5,421,
808,23,8,715,
808,24,11,1134,
809,22,3,297,
809,23,9,832,
809,24,11,1250,
810,22,5,502,
810,23,9,807,
810,24,11,1153,
811,22,5,416,
811,23,8,630,
811,24,10,996,
812,22,7,637,
812,23,9,833,
812,24,12,1399,
813,22,5,621,
813,23,8,911,
813,24,11,1187,
814,22,6,612,
814,23,9,827,
814,24,11,1286,
815,22,5,531,
815,23,8,838,
815,24,10,1194,
816,22,5,433,
816,23,8,982,
816,24,11,1362,
817,22,6,630,
817,23,10,1129,
817,24,11,1524,
818,22,6,600,
818,23,9,968,
818,24,12,1672,
819,22,6,639,
819,23,9,1028,
819,24,10,1216,
820,22,5,459,
820,23,7,663,
820,24,10,1073,
821,22,4,446,
821,23,8,992,
821,24,10,1340,
822,22,6,497,
822,23,9,824,
822,24,12,1433,
823,22,6,677,
823,23,9,1152,
823,24,11,1539,
824,22,6,467,
824,23,9,912,
824,24,12,1693,
825,22,6,520,
825,23,8,731,
825,24,10,1156,
826,22,4,408,
826,23,7,786,
826,24,10,1087,
827,22,6,645,
827,23,10,1219,
827,24,12,1723,
828,22,6,555,
828,23,9,989,
828,24,11,1438,
829,22,5,436,
829,23,8,816,
829,24,11,1424,
830,22,6,508,
830,23,10,1148,
830,24,12,1842,
831,22,6,617,
831,23,9,1006,
831,24,12,1599,
832,22,6,585,
832,23,9,951,
832,24,12,1528,
833,22,4,345,
833,23,6,586,
833,24,10,1000,
834,22,6,535,
834,23,9,1118,
834,24,11,1681,
835,22,5,544,
835,23,8,858,
835,24,10,1145,
836,22,6,496,
836,23,9,774,
836,24,12,1369,
837,22,6,630,
837,23,9,1099,
837,24,12,1767,
838,22,7,872,
838,23,10,1376,
838,24,12,2134,
839,22,5,582,
839,23,9,1120,
839,24,11,1618,
840,22,6,598,
840,23,10,1197,
840,24,12,1716,
841,22,5,559,
841,23,9,1035,
841,24,12,1658,
842,22,6,665,
842,23,10,1019,
842,24,12,1647,
843,22,7,664,
843,23,10,1261,
843,24,12,1930,
844,22,6,517,
844,23,9,975,
844,24,11,1452,
845,22,6,559,
845,23,9,890,
845,24,11,1149,
846,22,6,503,
846,23,9,923,
846,24,11,1348,
847,22,4,386,
847,23,7,728,
847,24,10,1243,
848,22,4,424,
848,23,7,626,
848,24,11,1220,
849,22,6,573,
849,23,9,945,
849,24,11,1266,
850,22,6,567,
850,23,10,1264,
850,24,12,1848,
851,22,6,495,
851,23,10,1135,
851,24,12,1377,
852,22,6,576,
852,23,10,960,
852,24,12,1467,
853,22,7,654,
853,23,10,1395,
853,24,12,2054,
854,22,6,599,
854,23,9,930,
854,24,11,1291,
855,22,6,546,
855,23,9,975,
855,24,11,1313,
856,22,5,393,
856,23,8,745,
856,24,10,1158,
857,22,6,662,
857,23,8,917,
857,24,10,1235,
858,22,7,644,
858,23,10,1092,
858,24,12,1908,
859,22,6,680,
859,23,9,931,
859,24,12,1774,
859,25,12,2190,
860,22,5,479,
860,23,9,770,
860,24,11,1301,
861,22,6,529,
861,23,8,973,
861,24,12,1651,
861,25,12,2257,
862,22,2,223,
862,23,6,555,
862,24,9,951,
863,22,6,716,
863,23,10,1322,
863,24,12,2122,
864,22,6,535,
864,23,8,822,
864,24,11,1380,
865,22,4,409,
865,23,6,635,
865,24,9,955,
865,25,11,1494,
866,22,5,370,
866,23,10,853,
866,24,12,1210,
867,22,5,392,
867,23,9,850,
867,24,11,1221,
868,22,6,592,
868,23,9,1019,
868,24,11,1447,
869,22,7,671,
869,23,10,1087,
869,24,12,1456,
870,22,6,605,
870,23,8,913,
870,24,10,1172,
871,22,5,513,
871,23,8,836,
871,24,11,1262,
872,22,6,714,
872,23,9,1218,
872,24,12,1949,
873,22,6,585,
873,23,10,1013,
873,24,12,1602,
874,22,4,467,
874,23,8,806,
874,24,10,1285,
875,22,7,683,
875,23,9,905,
875,24,12,1442,
876,22,5,476,
876,23,9,877,
876,24,12,1685,
877,22,6,554,
877,23,9,1102,
877,24,11,1622,
878,22,4,415,
878,23,7,705,
878,24,10,1056,
878,25,11,1238,
879,22,6,622,
879,23,10,1014,
879,24,11,1378,
880,22,6,573,
880,23,10,1163,
880,24,12,1782,
881,22,7,688,
881,23,10,979,
881,24,12,1681,
882,22,3,323,
882,23,8,741,
882,24,10,1251,
883,22,6,560,
883,23,9,976,
883,24,11,1154,
884,22,8,775,
884,23,10,1194,
884,24,12,2084,
885,22,5,555,
885,23,8,809,
885,24,10,1237,
886,22,4,408,
886,23,7,629,
886,24,9,907,
887,22,5,566,
887,23,8,941,
887,24,10,1234,
888,22,5,518,
888,23,9,956,
888,24,11,1334,
889,22,5,571,
889,23,9,931,
889,24,11,1363,
890,22,7,369,
890,23,12,917,
890,24,11,917,
891,22,7,705,
891,23,10,1112,
891,24,12,1707,
892,22,7,620,
892,23,10,1035,
892,24,12,1866,
893,22,6,527,
893,23,10,863,
893,24,12,1431,
894,22,5,476,
894,23,8,989,
894,24,11,1550,
895,22,4,353,
895,23,7,728,
895,24,9,1010,
895,25,11,1556,
896,22,7,669,
896,23,10,1132,
896,24,11,1559,
897,22,5,367,
897,23,8,753,
897,24,11,1291,
898,22,7,675,
898,23,10,1062,
898,24,12,1521,
899,22,5,538,
899,23,7,709,
899,24,10,1155,
900,22,5,485,
900,23,9,1000,
900,24,10,1271,
901,22,7,665,
901,23,10,975,
901,24,12,1580,
902,22,6,622,
902,23,9,954,
902,24,12,1500,
903,22,4,393,
903,23,6,623,
903,24,10,1017,
904,22,5,488,
904,23,9,818,
904,24,11,1182,
905,22,6,550,
905,23,10,1065,
905,24,12,1782,
906,22,6,627,
906,23,8,814,
906,24,11,1249,
907,22,6,658,
907,23,9,914,
907,24,11,1548,
908,22,7,708,
908,23,10,1167,
908,24,12,1711,
909,22,1,128,
909,23,5,225,
909,24,6,312,
910,22,6,633,
910,23,10,1094,
910,24,12,1856,
911,22,5,569,
911,23,9,931,
911,24,11,1556,
912,22,7,575,
912,23,9,918,
912,24,11,1285,
913,22,4,375,
913,23,7,624,
913,24,11,1128,
914,22,5,483,
914,23,8,842,
914,24,10,1161,
915,22,4,476,
915,23,8,802,
915,24,11,1433,
916,22,6,645,
916,23,9,1037,
916,24,11,1484,
917,22,5,535,
917,23,9,954,
917,24,11,1481,
918,22,7,705,
918,23,9,1007,
918,24,11,1435,
918,25,12,1814,
919,22,6,515,
919,23,9,831,
919,24,12,1376,
920,22,5,499,
920,23,8,830,
920,24,10,1200,
921,22,5,494,
921,23,7,703,
921,24,10,1135,
922,22,3,310,
922,23,7,730,
922,24,11,1030,
923,22,7,711,
923,23,10,1193,
923,24,12,1997,
924,22,5,580,
924,23,8,808,
924,24,10,1182,
925,22,2,212,
925,23,8,923,
925,24,10,1327,
926,22,7,654,
926,23,10,1071,
926,24,11,1384,
927,22,7,727,
927,23,9,967,
927,24,11,1326,
927,25,12,1762,
928,22,7,802,
928,23,10,1377,
928,24,12,2086,
929,22,5,510,
929,23,9,983,
929,24,11,1599,
929,25,12,1985,
930,22,4,388,
930,23,7,701,
930,24,10,1331,
931,22,6,607,
931,23,9,941,
931,24,11,1501,
932,22,4,428,
932,23,8,805,
932,24,10,1164,
933,22,5,558,
933,23,8,878,
933,24,10,1365,
934,22,6,676,
934,23,9,948,
934,24,11,1231,
935,22,7,696,
935,23,10,1248,
935,24,12,1837,
936,22,6,515,
936,23,10,1147,
936,24,12,1635,
937,22,7,675,
937,23,10,1118,
937,24,12,1496,
938,22,7,664,
938,23,11,1031,
938,24,12,1732,
939,22,5,440,
939,23,9,819,
939,24,11,1259,
940,22,7,769,
940,23,11,1175,
940,24,12,1773,
941,22,4,347,
941,23,6,624,
941,24,10,1000,
942,22,5,478,
942,23,9,858,
942,24,11,1369,
943,22,6,638,
943,23,10,1110,
943,24,11,1573,
944,22,5,416,
944,23,9,862,
944,24,11,1346,
945,22,6,469,
945,23,10,940,
945,24,11,1407,
946,22,6,603,
946,23,10,1006,
946,24,11,1363,
947,22,7,774,
947,23,10,1216,
947,24,12,1701,
948,22,4,444,
948,23,9,838,
948,24,11,1206,
949,22,5,372,
949,23,8,776,
949,24,11,1304,
950,22,6,592,
950,23,9,956,
950,24,11,1500,
951,22,5,459,
951,23,9,931,
951,24,11,1413,
951,25,12,1671,
952,22,6,534,
952,23,9,872,
952,24,10,1351,
953,22,5,580,
953,23,9,1081,
953,24,12,1953,
954,22,7,759,
954,23,10,1398,
954,24,11,1940,
955,22,6,617,
955,23,9,922,
955,24,11,1385,
956,22,7,652,
956,23,10,1079,
956,24,12,1517,
957,22,5,518,
957,23,8,897,
957,24,11,1334,
958,22,6,533,
958,23,9,859,
958,24,11,1171,
959,22,6,582,
959,23,8,924,
959,24,10,1251,
960,22,4,472,
960,23,8,733,
960,24,11,1387,
961,22,5,427,
961,23,8,712,
961,24,11,1193,
962,22,5,461,
962,23,8,811,
962,24,11,1241,
963,22,7,667,
963,23,9,1098,
963,24,11,1575,
964,22,6,626,
964,23,10,1064,
964,24,12,1681,
965,22,4,339,150
965,23,9,946,170
965,24,11,1574,176
966,22,5,481,
966,23,9,831,
966,24,11,1216,
967,22,7,684,
967,23,10,1230,
967,24,12,1871,
968,22,7,642,
968,23,10,1084,
968,24,12,1822,
969,22,6,533,
969,23,8,847,
969,24,11,1286,
970,22,3,319,
970,23,6,609,
970,24,8,846,
971,22,6,650,
971,23,9,944,
971,24,12,1931,
972,22,7,498,
972,23,10,792,
972,24,12,1403,
973,22,7,681,
973,23,10,1420,
973,24,12,2175,
973,25,12,2428,
974,22,5,475,
974,23,9,964,
974,24,12,1564,
975,22,5,463,
975,23,9,978,
975,24,11,1468,
976,22,5,435,
976,23,8,822,
976,24,11,1286,
977,22,7,600,
977,23,10,1081,
977,24,11,1383,
978,22,4,418,
978,23,8,709,
978,24,11,1297,
979,22,7,768,
979,23,10,1042,
979,24,11,1546,
980,22,4,410,
980,23,6,635,
980,24,10,1028,
981,22,7,746,
981,23,10,1081,
981,24,12,1862,
982,22,6,631,
982,23,10,973,
982,24,11,1365,
983,22,4,402,
983,23,8,766,
983,24,10,1062,
984,22,5,486,
984,23,9,814,
984,24,11,1324,
985,22,3,373,
985,23,7,714,
985,24,10,1044,
986,22,6,654,
986,23,10,1133,
986,24,12,1743,
987,22,5,485,
987,23,8,802,
987,24,11,1362,
988,22,5,501,
988,23,9,903,
988,24,10,1251,
989,22,7,559,
989,23,10,1066,
989,24,12,1613,
990,22,6,603,
990,23,10,1038,
990,24,12,1755,
991,22,5,546,
991,23,9,975,
991,24,12,1597,
992,22,5,457,
992,23,8,809,
992,24,10,1163,
993,22,5,439,
993,23,8,854,
993,24,11,1359,
994,22,6,562,
994,23,9,919,
994,24,11,1411,
995,22,6,559,
995,23,9,957,
995,24,11,1299,
996,22,6,525,
996,23,9,817,
996,24,11,1425,
997,22,5,480,
997,23,9,796,
997,24,11,1420,
998,22,4,330,
998,23,6,620,
998,24,9,972,
999,22,5,393,
999,23,9,940,
999,24,11,1225,
1000,22,3,323,
1000,23,6,496,
1000,24,9,905,
1001,22,6,640,
1001,23,10,1333,
1001,24,12,1985,
1002,22,3,318,
1002,23,8,855,
1002,24,12,1416,
1003,22,4,387,
1003,23,8,660,
1003,24,11,1321,
1004,22,6,523,
1004,23,9,904,
1004,24,10,1206,
1005,22,6,589,
1005,23,10,1192,
1005,24,12,1918,
1006,22,6,539,
1006,23,10,1122,
1006,24,12,1799,
1007,22,5,487,
1007,23,9,938,
1007,24,11,1392,
1008,22,6,583,
1008,23,9,960,
1008,24,12,1654,
1009,22,6,574,
1009,23,9,1007,
1009,24,12,1719,
1010,22,4,412,
1010,23,8,880,
1010,24,10,1198,
1011,22,3,388,
1011,23,7,637,
1011,24,10,971,
1012,22,5,485,
1012,23,8,803,
1012,24,11,1282,
1013,22,5,493,
1013,23,10,920,
1013,24,12,1333,
1014,22,3,314,
1014,23,7,675,
1014,24,10,1032,
1015,22,7,641,
1015,23,10,1106,
1015,24,11,1451,
1016,22,5,459,
1016,23,8,678,
1016,24,10,1055,
1017,22,5,512,
1017,23,9,880,
1017,24,10,1251,
1018,22,5,558,
1018,23,9,1074,
1018,24,11,1566,
1019,22,5,480,
1019,23,8,836,
1019,24,11,1299,
1020,22,4,387,
1020,23,9,1010,
1020,24,11,1545,
1021,22,6,637,
1021,23,9,962,
1021,24,12,1769,
1022,22,6,665,
1022,23,10,1198,
1022,24,12,1933,
1023,22,2,203,
1023,23,5,483,
1023,24,7,742,
1024,22,4,386,
1024,23,7,761,
1024,24,11,1292,
1025,22,7,672,
1025,23,10,1252,
1025,24,12,1984,
1026,22,6,440,
1026,23,9,780,
1026,24,12,1431,
1027,22,5,427,
1027,23,9,753,
1027,24,11,1219,
1028,22,5,456,
1028,23,9,948,
1028,24,12,1530,
1029,22,5,446,
1029,23,8,722,
1029,24,10,1053,
1030,22,3,250,
1030,23,6,526,
1030,24,9,938,
1031,22,4,427,
1031,23,8,693,
1031,24,10,1073,
1032,22,6,590,
1032,23,10,1089,
1032,24,12,1790,
1033,22,7,844,
1033,23,10,1165,
1033,24,12,2101,
1034,22,5,474,
1034,23,7,621,
1034,24,10,1114,
1034,25,11,1509,
1035,22,5,483,
1035,23,9,912,
1035,24,12,1478,
1036,22,5,508,
1036,23,9,856,
1036,24,11,1330,
1037,22,5,513,
1037,23,8,775,
1037,24,10,1028,
1038,22,7,741,
1038,23,10,1130,
1038,24,11,1346,
1039,22,5,538,
1039,23,8,851,
1039,24,10,1333,
1040,22,6,526,
1040,23,9,843,
1040,24,10,1368,
1041,22,6,564,
1041,23,9,953,
1041,24,12,1590,
1042,22,7,712,
1042,23,10,1192,
1042,24,12,1752,
1043,22,5,414,
1043,23,9,921,
1043,24,11,1254,
1044,22,5,561,
1044,23,8,869,
1044,24,10,1328,
1045,22,4,416,
1045,23,7,702,
1045,24,10,1109,
1046,22,3,281,
1046,23,5,574,
1046,24,9,1023,
1047,22,5,452,
1047,23,8,729,
1047,24,11,1206,
1048,22,5,520,
1048,23,8,952,
1048,24,10,1327,
1049,22,7,678,
1049,23,10,1265,
1049,24,12,1830,
1050,22,6,558,
1050,23,9,1001,
1050,24,12,1467,
1051,22,5,485,
1051,23,9,975,
1051,24,12,1606,
1052,22,6,570,
1052,23,9,942,
1052,24,11,1385,
1053,22,6,442,
1053,23,9,778,
1053,24,11,1205,
1054,22,6,587,
1054,23,9,900,
1054,24,11,1304,
1055,22,5,494,
1055,23,9,921,
1055,24,11,1627,
1056,22,6,533,
1056,23,9,838,
1056,24,11,1445,
1057,22,4,409,
1057,23,8,761,
1057,24,10,1121,
1058,22,6,576,
1058,23,9,1088,
1058,24,12,1798,
1059,22,6,670,
1059,23,9,990,
1059,24,10,1282,
1060,22,6,571,
1060,23,9,953,
1060,24,11,1410,
1061,22,5,389,
1061,23,8,724,
1061,24,11,1061,
1062,22,7,666,
1062,23,9,979,
1062,24,11,1377,
1063,22,5,438,
1063,23,7,694,
1063,24,9,1026,
1064,22,7,611,
1064,23,10,1074,
1064,24,12,1757,
1065,22,7,732,
1065,23,10,1262,
1065,24,12,1999,
1066,22,7,677,
1066,23,10,1040,
1066,24,12,1771,
1067,22,5,503,
1067,23,9,765,
1067,24,12,1346,
1068,22,7,691,
1068,23,11,1293,
1068,24,12,1763,
1069,22,5,505,
1069,23,9,886,
1069,24,12,1709,
1070,22,5,503,
1070,23,9,963,
1070,24,11,1393,
1071,22,4,341,
1071,23,8,759,
1071,24,10,1377,
1072,22,5,427,
1072,23,9,912,
1072,24,11,1397,
1073,22,5,402,
1073,23,9,833,
1073,24,11,1238,
1074,22,5,507,
1074,23,8,852,
1074,24,11,1482,
1075,22,4,404,
1075,23,10,983,
1075,24,11,1293,
1076,22,5,443,110
1076,23,8,740,110
1076,24,11,1095,110-220
1077,22,4,341,
1077,23,7,686,
1077,24,9,1000,
1078,22,5,465,
1078,23,8,777,
1078,24,10,1215,
1079,22,4,328,
1079,23,8,554,
1079,24,10,959,
1080,22,7,564,
1080,23,10,1046,
1080,24,12,1871,
1081,22,5,536,
1081,23,9,971,
1081,24,11,1379,
1082,22,4,379,
1082,23,6,645,
1082,24,10,1042,
1083,22,6,687,
1083,23,10,1225,
1083,24,12,1740,
1084,22,7,817,
1084,23,10,1338,
1084,24,12,2018,
1085,22,4,396,
1085,23,8,684,
1085,24,10,1143,
1086,22,7,698,
1086,23,10,1169,
1086,24,12,1667,
1087,22,4,390,
1087,23,7,730,
1087,24,10,1231,
1088,22,5,480,
1088,23,7,670,
1088,24,10,1103,
1089,22,5,418,
1089,23,9,771,
1089,24,11,1175,
1090,22,4,325,
1090,23,6,572,
1090,24,9,1035,
1091,22,6,558,
1091,23,9,926,
1091,24,12,1686,
1092,22,5,531,
1092,23,8,909,
1092,24,11,1423,
1093,22,7,696,
1093,23,10,1054,
1093,24,12,1852,
1094,22,5,479,
1094,23,8,770,
1094,24,11,1145,
1095,22,6,601,
1095,23,9,910,
1095,24,11,1397,
1096,22,6,659,
1096,23,10,1013,
1096,24,11,1246,
1097,22,5,503,
1097,23,8,807,
1097,24,10,1128,
1098,22,7,619,
1098,23,10,1069,
1098,24,12,1452,
1099,22,6,669,
1099,23,10,1142,
1099,24,12,1573,
1100,22,7,648,
1100,23,10,1253,
1100,24,12,1983,
1101,22,7,673,
1101,23,10,1067,
1101,24,12,1694,
1102,22,5,456,
1102,23,8,833,
1102,24,11,1374,
1103,22,5,489,
1103,23,8,845,
1103,24,11,1210,
1104,22,7,588,
1104,23,9,685,
1104,24,11,1109,
1105,22,4,260,
1105,23,6,455,
1105,24,9,789,
1106,22,5,566,
1106,23,9,1001,
1106,24,12,1717,
1107,22,5,478,
1107,23,8,796,
1107,24,10,1156,
1108,22,5,417,
1108,23,8,798,
1108,24,10,1252,
1109,22,5,422,
1109,23,8,731,
1109,24,11,1266,
1110,22,4,415,
1110,23,8,791,
1110,24,10,1211,
1111,22,6,521,
1111,23,9,882,
1111,24,10,1196,
1112,22,6,585,
1112,23,9,889,
1112,24,11,1340,
1113,22,5,549,
1113,23,8,909,
1113,24,11,1332,
1114,22,6,753,
1114,23,10,1299,
1114,24,11,1807,
1115,22,5,372,
1115,23,10,737,
1115,24,12,1142,
1116,22,5,403,
1116,23,7,729,
1116,24,10,973,
1117,22,7,673,
1117,23,10,1127,
1117,24,11,1614,
1118,22,7,725,
1118,23,10,1147,
1118,24,12,1474,
1119,22,6,626,
1119,23,10,1155,
1119,24,12,1743,
1120,22,7,690,
1120,23,10,1141,
1120,24,12,1698,
1121,22,6,479,
1121,23,8,809,
1121,24,11,1257,
1122,22,4,414,
1122,23,8,779,
1122,24,10,1174,
1123,22,7,766,
1123,23,10,1293,
1123,24,12,1815,
1124,22,5,511,
1124,23,7,774,
1124,24,9,1139,
1125,22,5,431,
1125,23,8,939,
1125,24,11,1297,
1126,22,5,531,
1126,23,8,772,
1126,24,10,1303,
1127,22,5,494,
1127,23,8,752,
1127,24,10,1204,
1128,22,5,522,
1128,23,9,1013,
1128,24,11,1515,
1129,22,5,434,
1129,23,8,863,
1129,24,11,1105,
1130,22,3,267,
1130,23,7,697,
1130,24,10,1141,
1131,22,4,450,
1131,23,8,817,
1131,24,10,1124,
1132,22,7,725,
1132,23,10,1356,
1132,24,12,2052,
1133,22,4,433,
1133,23,8,722,
1133,24,10,1127,
1134,22,6,500,
1134,23,9,906,
1134,24,12,1533,
1135,22,4,372,
1135,23,8,846,
1135,24,11,1275,
1136,22,5,603,
1136,23,9,1129,
1136,24,11,1600,
1137,22,4,433,
1137,23,8,867,
1137,24,11,1468,
1138,22,5,481,
1138,23,8,785,
1138,24,10,1148,
1139,22,6,628,
1139,23,9,889,
1139,24,11,1290,
1140,22,5,623,
1140,23,8,829,
1140,24,10,1317,
1141,22,6,483,
1141,23,9,864,
1141,24,11,1346,
1142,22,6,525,
1142,23,9,913,
1142,24,12,1554,
1143,22,6,565,
1143,23,8,842,
1143,24,10,1195,
1144,22,5,500,
1144,23,8,897,
1144,24,10,1227,
1145,22,5,428,
1145,23,8,813,
1145,24,10,1138,
1146,22,5,546,
1146,23,8,815,
1146,24,10,1316,
1147,22,6,701,
1147,23,10,1273,
1147,24,12,2000,
1148,22,6,595,
1148,23,9,957,
1148,24,12,1568,
1149,22,6,691,
1149,23,10,1198,
1149,24,12,1888,
1150,22,6,738,
1150,23,10,1086,
1150,24,11,1382,
1151,22,6,640,
1151,23,10,1151,
1151,24,10,1304,
1152,22,6,531,
1152,23,9,835,
1152,24,11,1325,
1153,22,5,447,
1153,23,8,792,
1153,24,10,1272,
1154,22,6,584,
1154,23,10,1157,
1154,24,12,1770,
1155,22,6,500,
1155,23,8,804,
1155,24,10,1142,
1156,22,5,586,
1156,23,9,978,
1156,24,12,1919,
1157,22,7,782,
1157,23,10,1253,
1157,24,12,1736,
1158,22,7,593,
1158,23,9,862,
1158,24,11,1104,
1159,22,5,530,
1159,23,9,863,
1159,24,11,1296,
1160,22,6,660,
1160,23,10,1174,
1160,24,12,1820,
1161,22,6,541,
1161,23,9,876,
1161,24,11,1319,
1162,22,5,555,
1162,23,8,745,
1162,24,10,1122,
1163,22,7,659,
1163,23,9,990,
1163,24,12,1986,
1164,22,7,662,
1164,23,9,1002,
1164,24,12,1503,
1165,22,4,376,
1165,23,7,838,
1165,24,10,1168,
1166,22,6,558,
1166,23,10,1129,
1166,24,12,1769,
1167,22,6,706,
1167,23,9,1095,
1167,24,12,1903,
1168,22,6,581,
1168,23,10,1033,
1168,24,11,1323,
1169,22,5,458,
1169,23,9,854,
1169,24,10,1346,
1170,22,4,379,
1170,23,6,527,
1170,24,9,1032,
1171,22,7,553,
1171,23,10,779,
1171,24,11,1017,
1172,22,4,397,
1172,23,7,720,
1172,24,10,1183,
1173,22,7,713,
1173,23,10,1248,
1173,24,12,1889,
1174,22,5,448,
1174,23,9,847,
1174,24,12,1697,
1175,22,7,601,
1175,23,9,894,
1175,24,11,1253,
1176,22,5,631,
1176,23,8,879,
1176,24,10,1354,
1177,22,6,597,
1177,23,9,1053,
1177,24,12,1684,
1178,22,7,750,
1178,23,10,1149,
1178,24,12,1872,
1179,22,5,490,
1179,23,8,777,
1179,24,10,1252,
1180,22,5,644,
1180,23,9,1009,
1180,24,12,1849,
1181,22,6,643,
1181,23,10,1100,
1181,24,12,1522,
1182,22,6,558,
1182,23,9,962,
1182,24,12,1505,
1183,22,5,519,
1183,23,8,820,
1183,24,11,1415,
1184,22,6,590,
1184,23,9,917,
1184,24,12,1486,
1185,22,6,584,
1185,23,10,1107,
1185,24,12,1503,
1186,22,3,262,
1186,23,6,556,
1186,24,9,841,
1187,22,7,683,
1187,23,10,1112,
1187,24,12,1677,
1188,22,5,493,
1188,23,8,885,
1188,24,11,1335,
1189,22,6,516,
1189,23,9,814,
1189,24,11,1113,
1190,22,6,583,
1190,23,9,932,
1190,24,11,1462,
1191,22,3,330,
1191,23,7,509,
1191,24,9,842,
1192,22,5,569,
1192,23,8,1058,
1192,24,11,1459,
1193,22,3,218,
1193,23,7,582,
1193,24,10,1007,
1194,22,7,735,
1194,23,10,1129,
1194,24,12,1612,
1195,22,6,820,
1195,23,9,973,
1195,24,11,1505,
1196,22,7,561,
1196,23,9,997,
1196,24,11,1435,
1197,22,6,665,
1197,23,9,1069,
1197,24,11,1557,
1198,22,6,537,
1198,23,10,1012,
1198,24,12,1604,
1199,22,3,300,
1199,23,7,730,
1199,24,11,1159,
1200,22,8,984,
1200,23,10,1216,
1200,24,11,1526,
1201,22,5,434,
1201,23,9,911,
1201,24,12,1848,
1202,22,5,464,
1202,23,9,845,
1202,24,11,1220,
1203,22,4,491,
1203,23,9,874,
1203,24,10,1214,
1204,22,5,542,
1204,23,8,926,
1204,24,10,1254,
1205,22,5,454,
1205,23,8,708,
1205,24,10,1209,
1206,22,3,300,
1206,23,8,732,
1206,24,10,1211,
1207,22,7,771,
1207,23,10,1223,
1207,24,12,1883,
1208,22,7,640,
1208,23,10,1041,
1208,24,12,1628,
1209,22,4,436,
1209,23,7,690,
1209,24,10,1056,
1210,22,4,401,
1210,23,8,743,
1210,24,10,1149,
1211,22,7,575,
1211,23,9,1038,
1211,24,11,1395,
1212,22,6,577,
1212,23,10,1059,
1212,24,12,1610,
1213,22,4,483,
1213,23,7,740,
1213,24,9,1110,
1214,22,6,565,
1214,23,9,920,
1214,24,11,1483,
1215,22,6,661,
1215,23,10,1092,
1215,24,12,1716,
1216,22,5,578,
1216,23,9,1138,
1216,24,11,1644,
1217,22,4,372,
1217,23,8,761,
1217,24,11,1261,
1218,22,6,637,
1218,23,10,1159,
1218,24,12,1782,
1219,22,6,613,
1219,23,10,1146,
1219,24,12,1824,
1220,22,5,565,
1220,23,8,918,
1220,24,11,1477,
1221,22,5,572,
1221,23,9,936,
1221,24,11,1514,
1222,22,5,468,
1222,23,8,709,
1222,24,10,1246,
1223,22,5,533,
1223,23,9,901,
1223,24,11,1392,
1224,22,8,896,
1224,23,11,1495,
1224,24,12,2220,
1225,22,6,609,
1225,23,9,911,
1225,24,11,1482,
1226,22,7,708,
1226,23,10,1304,
1226,24,12,1936,
1227,22,5,436,
1227,23,9,820,
1227,24,11,1236,
1228,22,6,587,
1228,23,9,922,
1228,24,11,1378,
1229,22,6,599,
1229,23,9,991,
1229,24,11,1480,
1230,22,7,705,
1230,23,10,1225,
1230,24,12,2135,
1231,22,5,426,
1231,23,7,642,
1231,24,10,985,
1232,22,3,340,
1232,23,7,778,
1232,24,9,1172,
1233,22,3,300,
1233,23,6,504,
1233,24,9,1002,
1234,22,6,562,
1234,23,9,966,
1234,24,11,1441,
1235,22,3,279,
1235,23,6,465,
1235,24,8,709,
1236,22,5,417,
1236,23,9,832,
1236,24,11,1311,
1237,22,4,355,
1237,23,8,817,
1237,24,10,1348,
1238,22,6,502,
1238,23,9,886,
1238,24,11,1366,
1239,22,6,640,
1239,23,10,1189,
1239,24,12,1676,
1240,22,5,464,
1240,23,10,908,
1240,24,12,1414,
1241,22,4,400,
1241,23,7,605,
1241,24,9,1129,
1242,22,3,276,
1242,23,6,470,
1242,24,12,1291,
1243,22,6,634,
1243,23,9,1009,
1243,24,11,1332,
1244,22,6,675,
1244,23,10,1212,
1244,24,12,2129,
1245,22,5,577,
1245,23,10,1070,
1245,24,11,1599,
1246,22,5,623,
1246,23,8,907,
1246,24,11,1257,
1247,22,7,652,
1247,23,10,1177,
1247,24,12,1767,
1248,22,4,384,
1248,23,7,682,
1248,24,9,985,
1249,22,6,543,
1249,23,9,838,
1249,24,11,1222,
1250,22,5,522,
1250,23,8,730,
1250,24,10,1232,
1251,22,5,483,
1251,23,8,870,
1251,24,11,1269,
1252,22,4,417,
1252,23,9,974,
1252,24,11,1583,
1253,22,5,500,
1253,23,8,760,
1253,24,10,1244,
1254,22,5,462,
1254,23,9,833,
1254,24,11,1260,
1255,22,4,401,
1255,23,7,737,
1255,24,9,1164,
1256,22,4,351,
1256,23,7,688,
1256,24,10,1085,
1257,22,6,731,
1257,23,9,1035,
1257,24,11,1435,
1258,22,3,265,
1258,23,6,496,
1258,24,9,943,
1259,22,4,415,
1259,23,7,716,
1259,24,10,1082,
1260,22,3,230,
1260,23,6,567,
1260,24,8,861,
1261,22,6,547,
1261,23,8,827,
1261,24,11,1445,
1262,22,5,424,
1262,23,8,809,
1262,24,10,1264,
1263,22,4,472,
1263,23,7,762,
1263,24,10,1366,
1264,22,3,339,
1264,23,7,761,
1264,24,9,1000,
1265,22,6,531,
1265,23,9,967,
1265,24,12,1723,
1266,22,5,422,
1266,23,8,729,
1266,24,10,1303,
1267,22,5,473,
1267,23,9,950,
1267,24,12,1763,
1268,22,6,505,
1268,23,9,871,
1268,24,11,1071,
1269,22,6,567,
1269,23,10,838,
1269,24,12,1477,
1270,22,6,545,
1270,23,9,1053,
1270,24,12,1705,
1271,22,4,405,
1271,23,7,713,
1271,24,9,1026,
1272,22,5,542,
1272,23,8,933,
1272,24,11,1480,
1273,22,5,499,
1273,23,9,841,
1273,24,11,1290,
1274,22,4,352,
1274,23,7,643,
1274,24,9,980,
1275,22,5,507,
1275,23,8,777,
1275,24,10,1340,
1276,22,5,474,
1276,23,8,849,
1276,24,11,1212,
1277,22,4,343,
1277,23,7,732,
1277,24,10,1104,
1278,22,5,492,
1278,23,8,815,
1278,24,11,1445,
1279,22,6,646,
1279,23,9,913,
1279,24,11,1429,
1280,22,3,327,
1280,23,7,682,
1280,24,9,1220,
1281,22,6,589,
1281,23,9,1019,
1281,24,12,1534,
1282,22,6,506,
1282,23,9,892,
1282,24,11,1327,
1283,22,5,485,
1283,23,8,775,
1283,24,10,1140,
1284,22,5,568,
1284,23,8,881,
1284,24,11,1360,
1285,22,7,747,
1285,23,10,1289,
1285,24,12,1667,
1286,22,6,568,
1286,23,9,1104,
1286,24,12,1542,
1287,22,4,347,
1287,23,8,726,
1287,24,11,1040,
1288,22,4,401,
1288,23,8,712,
1288,24,10,1051,
1289,22,4,502,
1289,23,7,692,
1289,24,10,1139,
1290,22,4,396,
1290,23,7,687,
1290,24,10,1129,
1291,22,7,712,
1291,23,9,923,
1291,24,12,1607,
1292,22,6,517,
1292,23,9,822,
1292,24,12,1506,
1293,22,6,778,
1293,23,10,1238,
1293,24,12,2086,
1294,22,7,701,
1294,23,10,1143,
1294,24,12,1838,
1295,22,5,418,
1295,23,8,731,
1295,24,11,1309,
1296,22,6,477,
1296,23,9,959,
1296,24,12,1691,
1297,22,7,696,
1297,23,10,1259,
1297,24,11,1633,
1298,22,6,531,
1298,23,9,919,
1298,24,11,1466,
1299,22,5,443,
1299,23,7,703,
1299,24,10,1009,
1300,22,6,620,
1300,23,8,861,
1300,24,11,1412,
1301,22,5,472,
1301,23,7,809,
1301,24,10,1361,
1302,22,5,390,
1302,23,9,843,
1302,24,11,1333,
1303,22,4,427,
1303,23,7,753,
1303,24,10,1223,
1304,22,6,604,
1304,23,9,903,
1304,24,11,1419,
1305,22,4,310,
1305,23,7,643,
1305,24,10,1006,
1306,22,7,712,
1306,23,10,1114,
1306,24,12,1835,
1307,22,5,442,
1307,23,9,846,
1307,24,12,1456,
1308,22,4,303,
1308,23,8,707,
1308,24,11,1218,
1309,22,5,531,
1309,23,8,902,
1309,24,11,1516,
1310,22,6,558,
1310,23,9,861,
1310,24,11,1344,
1311,22,4,453,
1311,23,8,826,
1311,24,10,1244,
1312,22,5,380,
1312,23,8,848,
1312,24,12,1700,
1313,22,7,774,
1313,23,10,1390,
1313,24,12,2161,
1314,22,5,556,
1314,23,10,1040,
1314,24,11,1473,
1315,22,5,475,
1315,23,8,670,
1315,24,10,1032,
1316,22,6,560,
1316,23,9,919,
1316,24,11,1405,
1317,22,3,276,
1317,23,6,529,
1317,24,10,1037,
1318,22,4,344,
1318,23,8,641,
1318,24,10,961,
1319,22,4,349,
1319,23,9,820,
1319,24,11,1280,
1320,22,6,600,
1320,23,10,1057,
1320,24,12,1874,
1321,22,5,500,
1321,23,10,933,
1321,24,12,1556,
1322,22,5,451,
1322,23,8,776,
1322,24,11,1296,
1323,22,7,628,
1323,23,9,1075,
1323,24,12,1752,
1324,22,4,419,
1324,23,8,648,
1324,24,10,959,
1325,22,6,575,
1325,23,9,937,
1325,24,11,1405,
1326,22,5,472,
1326,23,10,1190,
1326,24,12,1903,
1327,22,5,517,
1327,23,8,758,
1327,24,10,1100,
1328,22,7,619,
1328,23,11,1149,
1328,24,12,1781,
1329,22,4,335,
1329,23,7,594,
1329,24,10,941,
1330,22,6,556,
1330,23,9,922,
1330,24,11,1313,
1331,22,6,610,
1331,23,10,1130,
1331,24,12,1937,
1332,22,6,523,
1332,23,9,866,
1332,24,11,1293,
1333,22,6,553,
1333,23,9,1008,
1333,24,12,1546,
1334,22,5,394,
1334,23,8,690,
1334,24,10,969,
1335,22,7,665,
1335,23,10,1252,
1335,24,12,1923,
1336,22,4,456,
1336,23,8,746,
1336,24,11,1191,
1337,22,5,477,
1337,23,9,839,
1337,24,11,1187,
1338,22,6,539,
1338,23,9,806,
1338,24,11,1276,
1339,22,5,472,
1339,23,9,861,
1339,24,12,1728,
1340,22,5,358,
1340,23,8,620,
1340,24,10,826,
1341,22,7,673,
1341,23,10,1235,
1341,24,12,1789,
1342,22,5,393,
1342,23,8,676,
1342,24,8,693,
1343,22,5,491,
1343,23,9,940,
1343,24,11,1552,
1344,22,4,435,
1344,23,8,798,
1344,24,11,1300,
1345,22,7,764,
1345,23,10,1031,
1345,24,12,1503,
1346,22,6,579,
1346,23,9,896,
1346,24,11,1402,
1346,25,12,1796,
1347,22,5,493,
1347,23,9,896,
1347,24,11,1336,
1348,22,5,503,
1348,23,8,854,
1348,24,11,1430,
1349,22,5,418,
1349,23,8,749,
1349,24,11,1354,
1350,22,5,555,
1350,23,10,1270,
1350,24,12,1969,
1351,22,7,702,
1351,23,10,1213,
1351,24,12,2363,
1352,22,4,415,
1352,23,7,711,
1352,24,10,1106,
1353,22,7,714,
1353,23,10,1128,
1353,24,12,1850,
1354,22,4,363,
1354,23,8,728,
1354,24,11,1098,
1355,22,4,455,
1355,23,8,806,
1355,24,11,1327,
1356,22,5,495,
1356,23,7,717,
1356,24,9,1024,
1357,22,7,720,
1357,23,10,1036,
1357,24,12,1714,
1358,22,7,741,
1358,23,10,1050,
1358,24,12,1630,
1359,22,4,446,
1359,23,7,780,
1359,24,10,1304,
1360,22,3,358,
1360,23,6,668,
1360,24,9,909,
1361,22,7,680,
1361,23,10,1088,
1361,24,12,1619,
1362,22,5,449,
1362,23,8,790,
1362,24,10,1309,
1363,22,5,506,
1363,23,8,853,
1363,24,11,1279,
1364,22,5,501,
1364,23,9,924,
1364,24,11,1356,
1365,22,5,544,
1365,23,8,839,
1365,24,10,1226,
1366,22,4,420,
1366,23,7,724,
1366,24,10,1191,
1367,22,4,384,
1367,23,8,697,
1367,24,10,1019,
1368,22,6,631,
1368,23,9,878,
1368,24,11,1545,
1369,22,6,539,
1369,23,9,947,
1369,24,11,1373,
1370,22,3,308,
1370,23,7,691,
1370,24,10,1091,
1371,22,3,319,
1371,23,8,653,
1371,24,10,968,
1372,22,4,434,
1372,23,7,754,
1372,24,11,1241,
1373,22,5,522,
1373,23,9,998,
1373,24,11,1541,
1374,22,6,593,
1374,23,9,915,
1374,24,11,1309,
1375,22,5,500,
1375,23,8,844,
1375,24,11,1392,
1376,22,4,501,
1376,23,8,819,
1376,24,10,1139,
1377,22,6,572,
1377,23,9,899,
1377,24,11,1473,
1378,22,5,484,
1378,23,8,879,
1378,24,11,1388,
1379,22,6,612,
1379,23,9,965,
1379,24,11,1297,
1380,22,5,530,
1380,23,8,804,
1380,24,10,1311,
1381,22,5,461,
1381,23,8,737,
1381,24,10,1113,
1382,22,5,525,
1382,23,7,799,
1382,24,9,1093,
1383,22,5,452,
1383,23,8,813,
1383,24,10,1295,
1384,22,6,532,
1384,23,8,785,
1384,24,11,1212,
1385,22,4,409,
1385,23,7,816,
1385,24,10,1108,
1386,22,6,580,
1386,23,9,910,
1386,24,12,1703,
1387,22,5,542,
1387,23,7,713,
1387,24,10,1127,
1388,22,4,458,
1388,23,7,659,
1388,24,10,1032,
1389,22,7,661,
1389,23,10,1116,
1389,24,12,1879,
1390,22,5,404,
1390,23,7,707,
1390,24,10,1200,
1391,22,6,625,
1391,23,9,1006,
1391,24,11,1471,
1392,22,5,452,
1392,23,9,913,
1392,24,12,1668,
1393,22,6,683,
1393,23,9,1010,
1393,24,11,1582,
1394,22,4,478,
1394,23,7,745,
1394,24,9,1086,
1395,22,3,321,
1395,23,6,542,
1395,24,9,779,
1396,22,5,487,
1396,23,7,779,
1396,24,10,1154,
1397,22,5,445,
1397,23,8,865,
1397,24,12,1530,
1398,22,6,492,
1398,23,10,961,
1398,24,12,1488,
1399,22,5,503,
1399,23,9,991,
1399,24,11,1424,
1400,22,6,592,
1400,23,10,1032,
1400,24,12,1801,
1401,22,5,514,
1401,23,9,952,
1401,24,11,1403,
1402,22,6,574,
1402,23,8,862,
1402,24,10,1280,
1403,22,5,507,
1403,23,8,841,
1403,24,10,1248,
1404,22,6,506,
1404,23,9,806,
1404,24,12,1534,
1405,22,6,609,
1405,23,9,995,
1405,24,12,1918,
1406,22,5,531,
1406,23,9,858,
1406,24,11,1429,
1407,22,5,471,
1407,23,7,713,
1407,24,10,1001,
1408,22,5,549,
1408,23,10,1058,
1408,24,12,1832,
1409,22,6,574,
1409,23,9,919,
1409,24,11,1392,
1410,22,6,530,
1410,23,10,1061,
1410,24,12,1683,
1411,22,4,520,
1411,23,8,941,
1411,24,10,1292,
1412,22,4,360,
1412,23,7,640,
1412,24,10,852,
1413,22,5,475,
1413,23,9,842,
1413,24,10,1204,
1414,22,5,568,
1414,23,9,949,
1414,24,12,1687,
1415,22,6,586,
1415,23,9,925,
1415,24,11,1429,
1416,22,5,491,
1416,23,9,837,
1416,24,11,1244,
1417,22,6,667,
1417,23,10,1167,
1417,24,12,1688,
1418,22,4,365,
1418,23,8,634,
1418,24,10,965,
1419,22,7,741,
1419,23,10,1065,
1419,24,12,1810,
1420,22,5,474,
1420,23,8,819,
1420,24,11,1313,
1421,22,5,436,
1421,23,8,793,
1421,24,10,1180,
1422,22,5,577,
1422,23,8,840,
1422,24,10,1296,
1422,25,12,1873,
1423,22,5,485,
1423,23,9,838,
1423,24,11,1406,
1424,22,7,716,
1424,23,10,1102,
1424,24,12,1827,
1425,22,5,472,
1425,23,9,851,
1425,24,11,1428,
1426,22,6,580,
1426,23,9,932,
1426,24,11,1427,
1427,22,4,510,
1427,23,9,970,
1427,24,11,1498,
1428,22,5,452,
1428,23,8,946,
1428,24,10,1297,
1429,22,5,559,
1429,23,9,936,
1429,24,12,1543,
1430,22,5,557,
1430,23,9,972,
1430,24,11,1531,
1431,22,5,548,
1431,23,7,816,
1431,24,9,1073,
1432,22,6,574,
1432,23,10,1232,
1432,24,12,1964,
1433,22,5,616,
1433,23,9,1065,
1433,24,11,1511,
1434,22,7,715,
1434,23,10,1252,
1434,24,12,1960,
1435,22,7,724,
1435,23,10,1258,
1435,24,12,2089,
1436,22,5,550,
1436,23,10,1062,
1436,24,12,1740,
1437,22,5,582,
1437,23,8,860,
1437,24,11,1514,
1438,22,4,437,
1438,23,8,749,
1438,24,10,1063,
1439,22,6,616,
1439,23,8,903,
1439,24,11,1469,
1440,22,5,529,
1440,23,9,948,
1440,24,12,1430,
1441,22,5,477,
1441,23,9,933,
1441,24,11,1437,
1442,22,6,610,
1442,23,10,1075,
1442,24,12,1829,
1443,22,4,415,
1443,23,10,801,
1443,24,11,1043,
1444,22,7,658,
1444,23,10,1231,
1444,24,12,1935,
1445,22,4,311,
1445,23,9,635,
1445,24,10,904,
1446,22,5,529,
1446,23,9,930,
1446,24,11,1547,
1447,22,4,386,
1447,23,7,678,
1447,24,10,1089,
1448,22,5,574,
1448,23,9,1136,
1448,24,11,1658,
1449,22,5,530,
1449,23,9,979,
1449,24,12,1653,
1450,22,6,569,
1450,23,10,1219,
1450,24,12,1968,
1451,22,7,651,
1451,23,11,1229,
1451,24,12,1814,
1452,22,5,538,
1452,23,9,963,
1452,24,11,1224,
1453,22,5,522,
1453,23,9,830,
1453,24,11,1390,
1454,22,4,371,
1454,23,7,666,
1454,24,10,1111,
1455,22,5,527,
1455,23,9,985,
1455,24,11,1471,
1456,22,6,658,
1456,23,10,1026,
1456,24,12,1702,
1457,22,5,547,
1457,23,8,860,
1457,24,11,1351,
1458,22,6,478,
1458,23,9,901,
1458,24,11,1385,
1458,25,11,1500,
1459,22,6,,
1459,23,10,1270,
1459,24,12,1951,